soil_moisture,temperature,crop_type,pump
46.11935326,9.884228735,Rice,1
37.54252546,13.96707263,Rice,1
24.92627906,13.59014742,Rice,1
24.1141571,12.34335542,Rice,1
27.42092711,11.00770651,Rice,1
25.29849811,29.05703078,Rice,1
21.98207972,14.59747283,Rice,1
22.13672953,26.89658942,Rice,1
22.71814608,11.23455428,Rice,1
22.15002624,28.76547304,Rice,1
27.75477796,13.70434524,Rice,1
17.65553208,29.52973786,Rice,1
19.87173275,12.30010937,Rice,1
25.86733441,27.22968767,Rice,1
21.30151768,8.42731778,Rice,1
24.50682826,14.34964174,Rice,1
32.53902625,10.48604637,Rice,1
27.55478778,7.15824618,Rice,1
29.87769423,5.360588605,Rice,1
29.58064007,10.31998996,Rice,1
31.06500775,24.80185578,Rice,1
29.46609228,10.67081945,Rice,1
32.68652662,24.46960053,Rice,1
28.40299316,8.004618748,Rice,1
31.76514447,11.70462216,Rice,1
31.79573154,26.50252718,Rice,1
34.59903245,26.13669465,Rice,1
22.33293371,29.83822159,Rice,1
22.24571278,24.13354742,Rice,1
24.46075439,26.78854948,Rice,1
22.08713363,18.24981266,Rice,1
35.36774049,13.18674182,Rice,1
28.0841874,10.67075885,Rice,1
28.35467794,7.3110801,Rice,1
38.52707084,14.29143827,Rice,1
16.50204369,2.422129317,Rice,1
15.7470058,2.147650438,Rice,1
16.66753044,4.327139258,Rice,1
20.17343393,14.52483839,Rice,1
20.02121235,-4.031876022,Rice,1
21.73527529,19.51012847,Rice,1
22.00542446,-2.719074593,Rice,1
24.7485165,10.02258994,Rice,1
22.08666981,3.652494779,Rice,1
26.50133112,19.33520352,Rice,1
14.37828846,22.92156592,Rice,1
14.37828846,20.48778906,Rice,1
26.34884128,9.582822325,Rice,1
17.274722,8.70154737,Rice,1
22.83493734,3.707944027,Rice,1
24.13494577,1.29060563,Rice,1
25.84166687,0.271629576,Rice,1
22.0445318,1.663050003,Rice,1
22.43966876,-0.664619247,Rice,1
33.96125062,9.828339601,Rice,1
29.24852825,5.982979369,Rice,1
27.48680321,5.691287543,Rice,1
27.97095166,14.82789047,Rice,1
28.12240746,28.98050161,Rice,1
28.58726122,11.62770983,Rice,1
28.71591248,28.18958034,Rice,1
30.14183059,9.598223578,Rice,1
26.53972708,20.727333,Rice,1
29.04033834,15.40347099,Rice,1
30.3787584,27.66737007,Rice,1
56.083278,31.11896722,Rice,1
20.27760532,13.10162185,Rice,1
24.7959453,12.2937533,Rice,1
24.15627516,27.66481088,Rice,1
26.31112693,6.843965232,Rice,1
22.90034679,20.46887335,Rice,1
24.66602259,8.7308595,Rice,1
27.38410152,5.438815589,Rice,1
13.58571574,0.284146544,Rice,1
40.51330923,-4.07563896,Rice,1
6.92740058,0.336860282,Rice,1
8.935411027,-0.102234748,Rice,1
12.52487532,1.158586148,Rice,1
25.14697222,4.379422078,Rice,1
28.87379864,20.22662851,Rice,1
32.18900573,3.425364608,Rice,1
33.54432348,13.55247049,Rice,1
32.95383483,3.181951511,Rice,1
33.23265688,22.69539717,Rice,1
43.33229535,25.48800523,Rice,1
43.087413,23.09288341,Rice,1
11.68087522,25.6153555,Rice,1
11.48552153,24.43021635,Rice,1
34.51222301,10.61869702,Rice,1
19.21722882,11.03417784,Rice,1
20.07364447,20.15209097,Rice,1
31.33719631,11.74745445,Rice,1
29.68495667,0.999856278,Rice,1
20.12934151,6.496816709,Rice,1
11.97799156,4.650432001,Rice,1
44.57231351,-3.845887962,Rice,1
9.42370171,8.470341122,Rice,1
33.74578476,12.47520171,Rice,1
10.70865431,11.0554771,Rice,1
17.50058232,14.55577761,Rice,1
29.74208431,8.328404701,Rice,0
33.01768012,26.18993827,Rice,0
34.3566014,13.70844953,Rice,0
37.59514297,16.0064954,Rice,0
35.58101908,29.4692398,Rice,0
36.91567009,30.85686925,Rice,0
43.65184992,32.99342308,Rice,0
21.29684428,29.92105643,Rice,0
17.65335555,27.98986495,Rice,0
13.6305643,28.14502278,Rice,0
16.49378752,23.48481218,Rice,0
18.18999784,11.59945622,Rice,0
30.79541909,24.82967037,Rice,0
43.35365088,6.654316716,Rice,0
29.34755299,26.57090094,Rice,0
25.92658203,6.523393427,Rice,0
16.40248324,14.71720516,Rice,0
8.524890844,14.48249821,Rice,0
7.270437606,14.41205366,Rice,0
13.68481938,10.76787097,Rice,0
5.161353119,12.33596592,Rice,0
10.13711104,5.979251707,Rice,0
16.01961073,25.37069921,Rice,0
30.47919582,5.986267313,Rice,0
33.53006951,28.00610409,Rice,0
32.38689415,6.819805005,Rice,0
34.45495368,21.56425448,Rice,0
32.44080792,12.97547015,Rice,0
34.17528663,34.69150333,Rice,0
7.019339401,30.22474509,Rice,0
7.019339401,19.23056862,Rice,0
23.46687148,11.93705088,Rice,0
27.06520986,18.25045189,Rice,0
22.99526886,8.183966457,Rice,0
26.85520746,13.19203159,Rice,0
14.88556346,11.99251511,Rice,0
14.88556346,11.94041564,Rice,0
26.14611,21.4186911,Rice,0
24.40169586,23.17752637,Rice,0
27.0623633,20.62948484,Rice,0
26.19112406,25.0657269,Rice,0
26.23316352,17.5463765,Rice,0
28.92863251,21.55383881,Rice,0
28.93091237,17.76317655,Rice,0
28.84422285,23.76538371,Rice,0
45.62851775,20.38358033,Rice,0
28.87953068,38.09060325,Rice,0
30.0910521,30.46293682,Rice,0
14.69787199,39.72765406,Rice,0
27.40913453,24.27023032,Rice,0
27.16382519,19.07415708,Rice,1
24.67540187,29.39259057,Rice,1
26.44634545,15.53484293,Rice,1
26.7607511,20.80115625,Rice,1
27.47471941,14.65802682,Rice,1
30.66043681,12.58819336,Rice,1
12.54272064,14.39035038,Rice,1
14.73760777,8.941489762,Rice,1
17.64200652,16.44350385,Rice,1
24.44896539,8.914717125,Rice,1
28.78767974,19.76316407,Rice,1
27.96588529,13.99049495,Rice,1
27.75084067,20.25557495,Rice,1
28.15294806,21.66282371,Rice,1
27.34411163,27.23500446,Rice,1
13.83970982,26.90717088,Rice,1
14.24539995,24.8127179,Rice,1
11.64726395,15.10279495,Rice,1
16.04548014,10.87413897,Rice,1
21.41617581,10.12380438,Rice,1
23.33744642,22.49293702,Rice,1
29.12959129,7.031918516,Rice,1
28.4407952,5.746996227,Rice,1
20.86843979,6.561077004,Rice,1
21.02133591,13.92667068,Rice,1
22.34252525,14.88110693,Rice,1
22.69349952,12.02035186,Rice,1
23.34498317,13.80872842,Rice,1
31.02738033,29.15834346,Rice,1
25.36202389,5.160529177,Rice,1
26.56070131,12.7636022,Rice,1
27.08882566,5.962621378,Rice,1
29.80547964,18.61739075,Rice,1
27.48440187,14.8161351,Rice,1
27.86018432,34.58961883,Rice,1
20.43952171,25.50778505,Rice,1
22.38200434,32.47653256,Rice,1
18.04995011,21.67641781,Rice,1
20.95234659,22.06702864,Rice,1
21.13423471,12.3835119,Rice,1
23.47964511,17.57342934,Rice,1
21.86283771,9.443800814,Rice,1
50.200237,11.0786418,Rice,1
21.9767637,7.577559516,Rice,1
21.28511764,14.52522066,Rice,1
26.02410988,9.952262294,Rice,1
26.43596173,6.819327897,Rice,1
26.38580293,7.639494465,Rice,1
27.62877258,14.5480559,Rice,1
31.47545062,5.945272768,Rice,1
28.24528139,21.87430552,Rice,1
30.47894621,10.15093566,Rice,1
31.90922547,10.89918577,Rice,1
33.48127145,13.86017377,Rice,1
32.53352231,27.37198259,Rice,1
31.86853307,13.42859378,Rice,1
34.20946383,33.99320385,Rice,1
21.59808121,27.06479899,Rice,1
23.35671742,12.29878792,Rice,1
21.46665321,16.77459935,Rice,1
22.41122419,6.587928567,Rice,1
19.18147455,28.36718048,Rice,1
23.64907901,14.31080081,Rice,1
25.57956654,12.68602286,Rice,1
21.30110779,13.94825115,Rice,1
18.14480051,12.84425055,Rice,1
12.34364801,5.475853826,Rice,1
17.95707377,6.794317571,Rice,1
16.26373411,15.51617808,Rice,1
25.9215981,5.559848323,Rice,1
28.51948637,18.98904676,Rice,1
24.63781753,4.575440915,Rice,1
24.23166391,11.39380784,Rice,1
25.87003286,20.70938366,Rice,1
26.55409966,32.06859906,Rice,1
9.734403103,26.58268642,Rice,1
9.351322548,18.45943763,Rice,1
9.683382861,21.95912835,Rice,1
11.55316655,10.25487561,Rice,1
15.71581385,26.61227475,Rice,1
14.63449815,5.052100514,Rice,1
22.05474778,10.16892947,Rice,1
15.22873856,10.62714377,Rice,1
18.98630835,6.645296239,Rice,1
16.10708846,16.65171122,Rice,1
13.02226372,18.27255645,Rice,1
13.48685657,16.9444557,Rice,1
16.39939032,18.86766449,Rice,1
24.89494865,16.18961622,Rice,1
23.30293734,28.99725455,Rice,1
27.63989287,21.57792987,Rice,1
30.73611825,23.93468204,Rice,1
29.04991425,20.44505811,Rice,1
31.73569969,35.70642373,Rice,1
33.33458023,34.59810853,Rice,1
33.48464896,42.03176011,Rice,1
29.16484901,37.78684419,Rice,1
21.42381453,39.20470642,Rice,1
23.06125551,31.09460172,Rice,1
18.9154622,18.8705507,Rice,1
20.16466662,36.72573166,Rice,1
13.91935175,15.15702595,Rice,1
11.63023262,15.29934065,Rice,1
17.79297599,15.5247279,Rice,1
16.47873223,15.98493079,Rice,1
18.10041111,18.76333525,Rice,1
19.45201255,19.17070176,Rice,1
17.54271392,20.12364947,Rice,1
21.40081835,33.04913,Rice,1
35.04215503,19.15581611,Rice,1
21.12269943,29.94406359,Rice,1
46.14406644,17.84080685,Rice,1
21.11952257,23.20584232,Rice,1
15.10382182,33.74453503,Rice,1
17.74109429,37.41302639,Rice,1
12.09802132,39.03281312,Rice,1
15.38037437,38.39194607,Rice,1
17.52024289,16.61562116,Rice,1
17.52024289,35.38840191,Rice,1
15.60370587,8.708406984,Rice,1
9.269284135,13.88113993,Rice,1
18.25593524,6.902334145,Rice,1
6.398272897,14.5673042,Rice,1
11.91595799,5.552405317,Rice,1
27.40588912,18.92926495,Rice,1
30.89092466,11.53131002,Rice,1
34.5472997,20.69662,Rice,1
35.51443276,5.268948061,Rice,1
46.36499667,22.10898786,Rice,1
35.41107856,22.86914947,Rice,1
36.20615987,28.69767763,Rice,1
12.80890492,32.34271556,Rice,1
12.80890492,12.70457521,Rice,1
23.39114186,16.28119646,Rice,1
49.01752197,14.21132917,Rice,1
33.30111722,25.26438177,Rice,1
34.91130655,13.47037337,Rice,1
30.83519491,23.59411625,Rice,1
18.98543649,10.85074293,Rice,1
13.67949361,12.46881267,Rice,1
24.71020521,14.20326407,Rice,1
17.26490382,14.93465957,Rice,1
41.14121308,10.1536148,Rice,1
13.86583543,7.40510073,Rice,1
15.86381318,8.235337883,Rice,1
26.02965944,18.90883069,Rice,1
30.05977015,9.640557062,Rice,1
32.67136562,25.86887061,Rice,1
29.78215184,6.339653604,Rice,1
45.16178136,14.94824139,Rice,1
30.80810536,22.02950264,Rice,0
31.38380247,34.73535142,Rice,0
29.98599708,28.39730252,Rice,0
29.98599708,17.70351051,Rice,0
26.04433608,19.09323323,Rice,0
35.52367438,21.75770122,Rice,0
22.49611578,12.83832067,Rice,0
24.27844049,12.12602481,Rice,0
28.12463554,26.26150303,Rice,0
27.34970871,13.8137048,Rice,0
29.68008264,8.303676986,Rice,0
17.95324024,23.76094249,Rice,0
16.53600013,22.93764102,Rice,0
17.05260517,20.58563878,Rice,0
18.54616521,19.55819966,Rice,0
25.94788147,21.8324675,Rice,0
21.06071627,39.07088837,Rice,0
26.56527472,21.9341582,Rice,0
26.93245781,36.99784875,Rice,0
26.13245398,18.08420565,Rice,0
27.28459773,36.06626469,Rice,0
29.31501528,25.52064542,Rice,0
31.36982167,44.16787947,Rice,0
18.96863215,22.6500643,Rice,0
19.40886016,30.05076415,Rice,0
21.19537173,35.6738552,Rice,0
18.21018239,16.79629313,Rice,0
20.22970277,27.33083667,Rice,0
15.40104132,22.960116,Rice,0
14.07391892,24.91033938,Rice,0
24.98226696,8.133497173,Rice,0
26.15102117,8.229367599,Rice,0
24.22845975,6.948433415,Rice,0
24.44438084,13.16554676,Rice,0
25.80245762,6.376518155,Rice,0
27.87108798,12.57355046,Rice,0
29.18732881,14.08968636,Rice,0
31.28575175,25.72365982,Rice,0
30.31194702,14.5785823,Rice,0
29.96477805,29.87272717,Rice,0
26.06197588,15.01188668,Rice,0
25.87736856,30.03004273,Rice,0
26.41938131,25.8500948,Rice,0
26.41938131,16.84277286,Rice,0
25.69243488,22.18313169,Rice,0
27.35330416,14.22904401,Rice,0
28.10955568,16.52197329,Rice,0
26.32747507,13.32254069,Rice,0
30.72692292,10.86115971,Rice,0
28.28082974,6.843589879,Rice,0
24.95401079,11.54087501,Rice,1
21.54421161,7.189186839,Rice,1
13.72324974,8.032900094,Rice,1
11.86524273,6.660678564,Rice,1
11.20154372,9.597576946,Rice,1
19.9564898,23.99281168,Rice,1
24.55873167,7.523405646,Rice,1
27.07964001,20.63347994,Rice,1
27.78367384,20.58598118,Rice,1
29.04609226,20.05731284,Rice,1
29.70070612,33.94551898,Rice,1
21.50925064,27.93406047,Rice,1
11.35633299,10.33662164,Rice,1
31.89120069,23.65177745,Rice,1
19.73495203,16.45642767,Rice,1
25.22847029,11.35918768,Rice,1
22.60671161,16.73036218,Rice,1
26.17483352,12.58417131,Rice,1
32.24661762,9.553768277,Rice,1
23.43467862,21.46224182,Rice,1
23.3624664,21.61680104,Rice,1
24.37013874,23.45188785,Rice,1
26.47907123,20.03522988,Rice,1
31.95269211,22.63606074,Rice,1
29.50992168,23.52184195,Rice,1
32.61203753,16.90445177,Rice,1
33.1264074,34.76552057,Rice,1
43.04471018,20.81584788,Rice,1
32.93008965,29.88855474,Rice,1
34.16885182,35.78852744,Rice,1
35.13709986,41.4120547,Rice,1
18.87906103,24.96419038,Rice,1
19.53517345,39.04695451,Rice,1
23.42775749,24.07983275,Rice,1
20.0558881,15.82933363,Rice,1
20.49523885,37.23729041,Rice,1
20.06840494,22.51296334,Rice,1
19.33630518,17.41447003,Rice,1
24.96772495,19.0458298,Rice,1
23.83278154,22.94869407,Rice,1
26.8484222,22.75030962,Rice,1
26.59804206,19.28232663,Rice,1
27.42088084,24.52984635,Rice,1
32.34040269,25.41476394,Rice,1
29.14411128,21.4132853,Rice,1
28.77999086,29.23901369,Rice,1
29.83524837,25.04088391,Rice,1
28.20141388,35.75845344,Rice,1
28.5941938,28.1530432,Rice,1
22.56112094,32.88779527,Rice,1
26.98831877,35.45159399,Rice,1
27.33983437,19.19531253,Rice,1
27.21242677,39.04941626,Rice,1
27.09193104,17.4063703,Rice,1
26.36657986,22.3654261,Rice,1
15.83637407,20.18681704,Rice,1
17.18916829,18.11118001,Rice,1
15.27623834,20.08320107,Rice,1
20.21016981,22.60181626,Rice,1
26.02301468,21.03066124,Rice,1
26.19437098,26.82373681,Rice,1
29.74654669,16.3123781,Rice,1
28.19971394,23.52972744,Rice,1
28.82503847,16.63988235,Rice,1
30.37281625,20.95644644,Rice,1
30.36441611,30.94539802,Rice,1
36.93929285,38.8053603,Rice,1
10.34053168,28.30900432,Rice,1
11.86650927,29.06293296,Rice,1
16.04551463,28.09715642,Rice,1
15.29920224,23.55099548,Rice,1
13.77090919,20.83046349,Rice,1
15.48207715,16.52534805,Rice,1
14.18428286,23.57544563,Rice,1
24.44814592,5.73800047,Rice,1
23.2858212,11.70963392,Rice,1
21.57232699,5.533169338,Rice,1
22.19745074,12.29883337,Rice,1
26.15823665,5.515439761,Rice,1
23.47603381,16.36321086,Rice,1
26.43643807,7.235692072,Rice,1
28.4052162,24.88447114,Rice,1
32.10061044,7.327138057,Rice,1
31.72112237,20.17004148,Rice,1
31.13476655,10.2088425,Rice,1
42.47533713,31.03928365,Rice,1
23.29598706,14.99271092,Rice,1
29.26919118,16.0388477,Rice,1
23.02541807,13.79485969,Rice,1
22.94343219,11.7633842,Rice,1
20.30713732,23.85920826,Rice,1
23.30471528,14.66731643,Rice,1
21.14753728,7.115610857,Rice,1
28.3878844,24.26072359,Rice,1
24.14838554,22.34670993,Rice,1
24.84587135,16.4428934,Rice,1
24.14428837,23.86338948,Rice,1
22.31755865,22.43256267,Rice,1
24.66849694,23.95343041,Rice,1
23.93712135,20.63228952,Rice,1
26.02799729,34.57774511,Rice,1
27.88365914,23.74398529,Rice,1
26.73135272,21.35169434,Rice,1
28.59352676,28.63505288,Rice,1
28.56283309,38.19664287,Rice,1
27.70910785,40.63164229,Rice,1
17.56877287,28.30981436,Rice,1
16.75682696,33.9383638,Rice,1
13.25789788,21.43467626,Rice,1
19.84144365,19.81100958,Rice,1
25.1331566,22.09836321,Rice,1
17.85560088,14.0498349,Rice,1
32.12724071,5.075615022,Rice,1
28.12050825,10.03198564,Rice,1
21.72883598,5.86991056,Rice,1
26.08653476,14.1953518,Rice,1
40.3411295,25.65826116,Rice,1
27.28449607,9.086359843,Rice,1
35.82777431,21.34347796,Rice,1
32.38624613,34.2326672,Rice,1
32.38624613,16.53713963,Rice,1
18.93575715,25.33534763,Rice,1
15.66622112,26.89962201,Rice,1
15.65192317,16.22979882,Rice,1
15.7662674,11.44377226,Rice,1
31.62340996,28.89787353,Rice,1
17.58032553,10.88729247,Rice,1
19.36248836,14.76494895,Rice,1
10.29450891,10.052029,Rice,1
46.08813644,5.877095297,Rice,1
9.262806106,9.139039335,Rice,1
14.33834045,11.76625737,Rice,1
49.73026372,5.333284851,Rice,1
52.41966212,10.16721204,Rice,1
14.5314748,10.92033265,Rice,1
24.84444297,17.09887807,Rice,1
27.01249849,6.621800289,Rice,1
14.22602704,22.81399919,Rice,1
42.7111209,28.55628936,Rice,1
5.900713181,23.02277418,Rice,1
7.307550852,17.04103785,Rice,1
8.099260358,12.27974618,Rice,1
8.565479209,18.4167719,Rice,1
7.924067895,7.542526273,Rice,1
4.8885574,8.234016006,Rice,1
14.29867676,18.58694995,Rice,1
11.23814626,24.02019179,Rice,1
6.877424259,19.25213818,Rice,1
11.43580551,20.69595999,Rice,1
10.82927986,20.45501032,Rice,1
13.10238784,32.57864525,Rice,0
17.1696668,15.26746041,Rice,0
11.03662054,20.44579574,Rice,0
7.189143259,43.43127692,Rice,0
13.08302171,31.58957963,Rice,0
13.08302171,36.27466798,Rice,0
11.78656718,17.99835809,Rice,0
24.48357284,15.63872037,Rice,0
22.06360675,17.63329105,Rice,0
23.244905,15.64807399,Rice,0
24.02142864,17.15864672,Rice,0
24.52910617,24.27863928,Rice,0
24.31198946,38.75657195,Rice,0
25.10928401,22.51200478,Rice,0
25.69049793,20.67317508,Rice,0
24.87562058,20.92602439,Rice,0
20.54203129,26.67116945,Rice,0
19.8531877,26.96374283,Rice,0
38.17204383,41.86971705,Rice,0
14.24595151,37.66877298,Rice,0
15.86778087,30.21649057,Rice,0
18.09343218,19.57610618,Rice,0
18.09343218,39.75335564,Rice,0
38.23648493,23.04219954,Rice,0
40.38695155,15.66932141,Rice,0
39.86839546,18.01510522,Rice,0
49.27159211,24.19153616,Rice,0
41.21613268,18.22826392,Rice,0
28.38235936,20.53818364,Rice,0
37.49313178,19.26399932,Rice,0
45.20884613,29.16464131,Rice,0
33.89719569,16.84600863,Rice,0
43.25051202,36.90271619,Rice,0
43.25051202,23.6169936,Rice,0
36.44321636,39.93994227,Rice,0
35.89654132,42.90159501,Rice,0
34.97926383,40.79886051,Rice,0
38.21864395,22.19349447,Rice,0
47.25617672,17.91007432,Rice,0
46.57466577,26.48550266,Rice,0
40.54541239,24.47617871,Rice,0
50.3100653,24.22530853,Rice,0
6.460230826,16.63823428,Rice,0
6.418048295,22.33456553,Rice,0
4.908093844,16.85101061,Rice,0
9.881485596,16.90160143,Rice,0
11.06304206,17.55583122,Rice,0
15.82267442,34.80812279,Rice,0
15.88309138,17.59128914,Rice,0
16.37915235,24.77838451,Rice,0
19.01805396,17.15452929,Rice,1
6.299331042,24.42025656,Rice,1
16.98071492,24.55295288,Rice,1
16.98071492,44.46871901,Rice,1
14.65055467,40.38810075,Rice,1
8.045163263,32.73650799,Rice,1
8.045163263,33.29966356,Rice,1
9.005490235,17.4844331,Rice,1
41.19813147,6.964812799,Rice,1
37.57936139,6.179612484,Rice,1
40.07656822,8.654107764,Rice,1
36.71760375,8.845940703,Rice,1
41.87274357,23.81418753,Rice,1
33.61312108,13.37998123,Rice,1
38.00232466,22.56378154,Rice,1
38.73216969,9.240509045,Rice,1
37.86622569,24.74968158,Rice,1
36.63401479,25.3830847,Rice,1
38.93534946,29.03603727,Rice,1
45.2702357,28.0049812,Rice,1
35.86223023,25.76162675,Rice,1
37.7527028,30.37391546,Rice,1
36.62151018,19.65961986,Rice,1
36.99326163,17.70546092,Rice,1
35.88992706,15.18810613,Rice,1
41.57915814,12.96637169,Rice,1
44.50816439,10.69708929,Rice,1
42.84027421,10.73408719,Rice,1
34.53358144,5.974133908,Rice,1
37.68343783,11.62018614,Rice,1
22.95759002,10.22562515,Rice,1
23.832627,14.22015347,Rice,1
25.17192238,12.71051685,Rice,1
26.43633403,5.736275446,Rice,1
25.52372969,6.843054856,Rice,1
31.72944935,17.84607776,Rice,1
27.36183472,12.84701121,Rice,1
28.9089361,11.55072403,Rice,1
30.03404672,13.14894633,Rice,1
31.89698402,21.40036158,Rice,1
28.86303634,13.91232046,Rice,1
29.44811417,28.53153334,Rice,1
23.18667847,28.9282963,Rice,1
22.71758881,31.63423818,Rice,1
19.92977475,24.5338994,Rice,1
22.26629491,10.34438565,Rice,1
23.52227422,29.49295286,Rice,1
25.92174399,21.88226595,Rice,1
27.10718768,8.368623471,Rice,1
52.41152142,20.69522896,Rice,1
24.9717454,7.146956313,Rice,1
24.71589208,13.75085579,Rice,1
13.07852224,9.233004766,Rice,1
10.91066734,7.530888186,Rice,1
20.29480345,9.228320039,Rice,1
9.506839707,10.33798275,Rice,1
12.39192331,11.71261392,Rice,1
14.82350682,19.24313918,Rice,1
29.22689506,12.12259309,Rice,1
32.92688827,19.1403143,Rice,1
30.45910794,13.97669863,Rice,1
32.02950359,29.48489697,Rice,1
28.80602992,11.95846984,Rice,1
30.53952398,25.36075577,Rice,1
6.571805389,27.88863419,Rice,1
6.571805389,26.13321899,Rice,1
13.11781134,14.9748755,Rice,1
16.84558237,22.85783312,Rice,1
19.84528943,10.89284389,Rice,1
27.0379127,28.06585639,Rice,1
20.63088388,7.083086957,Rice,1
20.63088388,6.822004669,Rice,1
14.04406013,8.707579224,Rice,1
15.82015313,6.967994364,Rice,1
17.55198511,9.56818749,Rice,1
17.84894773,9.61013298,Rice,1
18.32953093,14.76505238,Rice,1
19.51283366,26.50706539,Rice,1
21.49305636,14.71474115,Rice,1
22.07837936,23.98707325,Rice,1
24.74137794,13.73386023,Rice,1
25.27446685,10.34912556,Rice,1
25.10894807,19.36434516,Rice,1
33.02550864,25.56044728,Rice,1
12.92433241,22.46110587,Rice,1
15.59331512,26.1040554,Rice,1
11.60414895,16.10838248,Rice,1
12.38985978,13.66911424,Rice,1
17.75722013,10.07816775,Rice,1
12.8570971,14.71691491,Rice,1
12.44366964,8.295581396,Rice,1
23.56281149,22.20461919,Rice,1
23.56281149,18.25920929,Rice,1
26.17184487,20.91274328,Rice,1
26.76794175,19.14381571,Rice,1
27.45543436,24.81459849,Rice,1
45.41882078,20.42338375,Rice,1
40.79948948,29.25438417,Rice,1
28.0927506,27.8199993,Rice,1
28.36263555,39.9820371,Rice,1
26.82372059,35.57359082,Rice,1
28.40563097,35.65772577,Rice,1
30.87999443,26.33753113,Rice,1
48.5963709,33.81056957,Rice,1
27.0401227,24.18293832,Rice,1
24.58819195,18.66173526,Rice,1
22.36275553,17.85920238,Rice,1
24.56714822,16.31154148,Rice,1
24.78964009,22.90451377,Rice,1
23.51407178,21.5233119,Rice,1
24.91866741,23.30446119,Rice,1
24.34353658,18.3508247,Rice,1
24.83285409,39.48200671,Rice,1
26.74262973,15.95344375,Rice,1
24.61061139,29.55661447,Rice,1
25.69849066,28.31691524,Rice,1
23.35797778,37.10671802,Rice,1
25.50379068,43.72120626,Rice,1
18.91512321,32.47119316,Rice,1
19.48275726,26.64211869,Rice,1
16.7961638,30.203844,Rice,1
19.6123993,22.25968283,Rice,1
23.74960435,24.67428265,Rice,1
21.31470022,5.107030253,Rice,1
21.15205802,11.5822368,Rice,1
20.74700783,13.52925127,Rice,1
21.23595781,7.548532889,Rice,1
24.80310233,13.56152114,Rice,1
30.19628487,24.96674004,Rice,1
34.11183928,13.98621045,Rice,1
36.46987758,11.30968093,Rice,1
37.48979018,6.96035108,Rice,1
38.39029966,23.12668085,Rice,1
39.48492252,28.80713386,Rice,1
37.36608687,33.50995335,Rice,1
29.52616624,30.35462284,Rice,1
16.16396289,30.19372918,Rice,1
21.50722981,26.82879959,Rice,1
20.17218005,16.11155669,Rice,1
26.62695005,23.31364234,Rice,1
30.24084357,20.38911681,Rice,1
32.29937738,11.61090799,Rice,1
35.72796633,13.16899154,Rice,1
33.77681429,20.37746919,Rice,1
31.16449505,8.749421144,Rice,1
26.62045748,10.3676058,Rice,1
11.32587785,14.2183133,Rice,1
36.61448071,14.35935163,Rice,1
9.680270015,12.44985106,Rice,1
12.98347566,16.95377595,Rice,1
23.86993227,7.492790679,Rice,1
29.71938881,19.53838415,Rice,0
30.85567648,13.91807433,Rice,0
36.51839459,28.17755979,Rice,0
34.07577754,14.36547881,Rice,0
34.87762988,25.17328129,Rice,0
49.49844061,28.47679245,Rice,0
11.20893648,30.75898298,Rice,0
9.472043676,31.17050057,Rice,0
10.29796978,26.35733467,Rice,0
11.78673754,14.9456206,Rice,0
12.91536078,22.02244593,Rice,0
33.72265146,25.69477437,Rice,0
40.76700968,6.371345134,Rice,0
31.25882991,16.72353653,Rice,0
25.83511731,14.51073584,Rice,0
21.16976762,12.00630516,Rice,0
25.10822255,11.1906691,Rice,0
14.05743741,12.44463002,Rice,0
16.3571246,6.439836074,Rice,0
17.57501858,8.105801391,Rice,0
16.13866154,21.15937678,Rice,0
26.16863809,5.296166435,Rice,0
31.04679918,22.94400833,Rice,0
24.16190824,11.59118358,Rice,0
28.97485518,10.79188055,Rice,0
29.16563216,29.35406397,Rice,0
32.80393045,27.49858441,Rice,0
13.6902908,25.16573879,Rice,0
15.72262513,14.93565351,Rice,0
19.10037264,22.45041969,Rice,0
19.06289188,28.12589651,Rice,0
31.74992484,14.98473501,Rice,0
26.00756915,10.00176792,Rice,0
25.75068508,7.665204213,Rice,0
38.01523586,8.750902041,Rice,0
19.71659566,20.05550259,Rice,0
18.6710832,16.87684813,Rice,0
19.33080077,22.97497784,Rice,0
23.67744895,19.57260282,Rice,0
25.95196316,22.67785167,Rice,0
26.70222816,25.92325114,Rice,0
29.32226594,23.85314765,Rice,0
32.83939967,32.57600884,Rice,0
32.42416776,20.69805527,Rice,0
31.11031135,20.56934965,Rice,0
32.22094587,38.75035272,Rice,0
33.5261665,37.52408557,Rice,0
34.02678004,35.85745898,Rice,0
15.39805383,37.52035254,Rice,0
15.32731908,24.11566238,Rice,0
17.03070963,28.53101518,Rice,1
18.61863582,20.36709863,Rice,1
17.88809193,27.09685643,Rice,1
16.40282824,16.77509801,Rice,1
18.43021717,22.25595884,Rice,1
42.97266744,24.85976508,Rice,1
37.92290997,17.10213208,Rice,1
38.01600861,17.16438644,Rice,1
37.89853672,23.72752942,Rice,1
37.22177437,22.29853642,Rice,1
36.48799172,23.4360473,Rice,1
37.32975112,18.22629814,Rice,1
34.8854385,21.64525419,Rice,1
37.19838755,24.58034196,Rice,1
39.78171188,39.10482673,Rice,1
37.12755238,39.25476876,Rice,1
38.94242736,36.6528987,Rice,1
34.57247831,36.64552076,Rice,1
36.29741732,24.84733746,Rice,1
35.04254352,24.58392608,Rice,1
38.71430821,22.74075349,Rice,1
23.85036666,20.72644987,Rice,1
23.77812758,17.7677489,Rice,1
24.11955569,21.18339955,Rice,1
26.11234676,19.92829836,Rice,1
30.47385207,17.82459625,Rice,1
28.17741399,35.40808126,Rice,1
31.21845195,23.71392641,Rice,1
31.64047545,39.42964692,Rice,1
30.49772259,23.94315381,Rice,1
31.69085676,26.44508403,Rice,1
33.08290198,20.56186082,Rice,1
30.46588105,37.01969929,Rice,1
19.01479126,37.80765333,Rice,1
19.55042636,24.22891039,Rice,1
20.88302023,26.58357426,Rice,1
19.25510169,21.28912378,Rice,1
21.22092966,34.45083647,Rice,1
21.54432061,22.62821326,Rice,1
21.74470716,18.31558436,Rice,1
25.1704041,24.78658951,Rice,1
26.51548617,17.08950715,Rice,1
27.7595354,16.21132824,Rice,1
28.88452734,21.1930898,Rice,1
28.48445566,20.17317743,Rice,1
31.51026579,20.3526356,Rice,1
31.73278878,15.16690214,Rice,1
28.55259368,37.81902217,Rice,1
29.93057108,21.31048546,Rice,1
27.23726487,22.66235294,Rice,1
25.42056697,35.04282898,Rice,1
36.50984344,35.98318945,Rice,1
25.62297195,38.53296296,Rice,1
26.79919695,36.87515252,Rice,1
26.23106744,17.4184869,Rice,1
26.23106744,22.09335787,Rice,1
26.88334074,22.66965515,Rice,1
26.54984852,19.13726789,Rice,1
25.88513828,16.21594323,Rice,1
25.02881898,18.55722719,Rice,1
26.88139945,22.86579818,Rice,1
29.05458751,20.49936288,Rice,1
30.66068109,20.89451035,Rice,1
31.03241774,33.36834124,Rice,1
30.23175757,16.32207396,Rice,1
35.31117723,21.25344788,Rice,1
35.81511072,28.54504483,Rice,1
26.78954871,38.281492,Rice,1
20.88859001,44.69102207,Rice,1
26.23974561,41.92446173,Rice,1
29.9368075,34.44083943,Rice,1
31.78169128,30.16737445,Rice,1
35.62423405,24.60191374,Rice,1
29.57947789,39.0918298,Rice,1
44.41645031,18.99258877,Rice,1
39.57544415,21.89989979,Rice,1
19.67809597,4.26956818,Rice,1
20.95147294,-4.00346956,Rice,1
19.00138793,-1.301647576,Rice,1
22.66391088,-4.321159155,Rice,1
22.48105311,-0.909798948,Rice,1
26.98862818,16.9968956,Rice,1
23.48983026,-4.790524835,Rice,1
23.98619031,7.704959381,Rice,1
23.21381522,-1.151540475,Rice,1
23.05045571,6.145163746,Rice,1
23.19738149,8.114992592,Rice,1
20.50195303,27.40410197,Rice,1
14.48672771,28.97156272,Rice,1
13.50128537,20.03953428,Rice,1
15.26562544,10.46123309,Rice,1
15.59730403,3.803891318,Rice,1
16.36251005,-0.304771105,Rice,1
16.11505732,14.13338302,Rice,1
17.28303104,-3.526391997,Rice,1
21.1716242,3.014986768,Rice,1
25.49526009,22.14125464,Rice,1
25.59146294,21.12285564,Rice,1
25.74334204,20.92486812,Rice,1
27.97929337,24.77023725,Rice,1
31.94079175,23.91992836,Rice,1
29.54973495,34.76275644,Rice,1
32.35756757,19.28097884,Rice,1
33.84623526,35.8161121,Rice,1
55.2932486,19.20324707,Rice,1
34.57251228,33.21354086,Rice,1
35.35692584,25.17391631,Rice,1
35.84445311,37.18740332,Rice,1
20.22061908,27.05534205,Rice,1
20.99826924,29.84458025,Rice,1
24.07769025,37.20187357,Rice,1
22.14293054,19.47664058,Rice,1
22.36171241,29.57132723,Rice,1
22.19009014,17.69154148,Rice,1
21.24421489,15.6983697,Rice,1
29.02391204,19.32245073,Rice,1
30.22571563,26.48467346,Rice,1
31.67057246,23.63405409,Rice,1
33.03249093,17.58651676,Rice,1
33.29416403,17.70074838,Rice,1
35.47500232,27.57242676,Rice,1
33.88541936,24.85232392,Rice,1
34.45854779,28.51462686,Rice,1
36.67737179,17.3017555,Rice,1
32.32884782,37.24818219,Rice,1
32.28121227,32.06223086,Rice,1
37.65151572,38.83113611,Rice,1
30.4630073,44.39079928,Rice,1
28.04689739,29.64808653,Rice,1
24.67085655,28.91960615,Rice,1
26.00224227,34.70964428,Rice,1
27.38615859,19.07744142,Rice,1
35.66767261,19.02723926,Rice,1
8.508627967,6.183541032,Rice,1
7.775436446,10.21437632,Rice,1
29.50045605,8.341426589,Rice,1
14.53360155,11.98447995,Rice,1
22.24900188,11.62617834,Rice,1
32.42916619,19.58090868,Rice,1
34.24792694,5.680192536,Rice,1
36.36083963,17.88288632,Rice,1
33.51991605,11.33388393,Rice,1
44.57295747,18.88613923,Rice,1
33.95209095,28.73764905,Rice,1
35.34571575,27.13416146,Rice,1
9.105340933,33.14457384,Rice,1
9.105340933,19.88977293,Rice,1
21.87406858,29.99409164,Rice,1
28.16658983,21.05220321,Rice,1
27.47188787,21.37473557,Rice,1
25.32478361,6.381384831,Rice,0
19.42997933,21.37389753,Rice,0
11.37341953,12.61164317,Rice,0
10.93865687,9.897370554,Rice,0
40.76038855,19.49473008,Rice,0
33.25837349,19.44384061,Rice,0
32.84426166,22.16703155,Rice,0
34.91551036,22.30905706,Rice,0
34.35699531,18.93907693,Rice,0
33.98475788,28.99720228,Rice,0
31.0500357,21.55758305,Rice,0
29.15222545,26.76157286,Rice,0
30.96823489,19.00989867,Rice,0
29.75159945,22.07353051,Rice,0
29.69230594,39.46933337,Rice,0
33.75496297,36.98345553,Rice,0
24.25198525,24.52391248,Rice,0
27.1457758,20.98404257,Rice,0
26.33889726,30.05768777,Rice,0
32.73306334,23.76775203,Rice,0
69.83174242,22.31543856,Rice,0
62.83169446,19.00867283,Rice,0
62.83887218,20.32691292,Rice,0
58.27102314,17.13160511,Rice,0
51.5477887,35.10036638,Rice,0
62.65887601,37.32978784,Rice,0
62.65887601,31.99662756,Rice,0
60.44468972,43.13990665,Rice,0
62.9900599,36.1980803,Rice,0
53.67038924,37.98303444,Rice,0
68.25350445,36.00908894,Rice,0
68.25350445,36.55552508,Rice,0
57.5506128,24.9644859,Rice,0
21.44102033,21.79259296,Rice,0
22.93261976,18.59692038,Rice,0
24.3372846,17.38342556,Rice,0
24.95599237,17.07236236,Rice,0
26.76719258,21.7556745,Rice,0
25.84059986,38.75059379,Rice,0
29.03289,19.00627769,Rice,0
29.38235091,38.26046071,Rice,0
35.61679633,20.5102459,Rice,0
33.56890857,31.53173107,Rice,0
33.36365344,31.85560003,Rice,0
35.55975929,36.24067427,Rice,0
24.6774368,44.17420321,Rice,0
27.29642281,39.77256675,Rice,0
24.6928867,38.75655655,Rice,0
18.19022109,32.52024718,Rice,0
15.49262686,38.64884103,Rice,0
19.10661892,22.67931759,Rice,1
30.94622066,22.78260675,Rice,1
26.13745003,18.24084547,Rice,1
37.02093943,17.6622889,Rice,1
41.88819315,20.95540734,Rice,1
41.81456772,15.80471196,Rice,1
41.8929526,27.63436907,Rice,1
42.53167234,17.82094426,Rice,1
42.22912184,38.41878117,Rice,1
45.33156333,15.26974483,Rice,1
44.91277475,28.89021573,Rice,1
45.25408952,27.6056993,Rice,1
45.25408952,23.83252286,Rice,1
42.68532062,21.75084158,Rice,1
42.29947651,23.72006296,Rice,1
40.21033503,17.11632689,Rice,1
27.53900236,10.19308573,Rice,1
48.2613952,12.34218219,Rice,1
53.62760343,6.590227187,Rice,1
28.50495555,6.699493926,Rice,1
30.29460554,5.065383441,Rice,1
44.06413312,29.96537627,Rice,1
40.30368602,8.535588303,Rice,1
39.36313873,18.31728369,Rice,1
28.00851954,11.31676515,Rice,1
29.65330761,20.73287685,Rice,1
31.66933147,22.37402762,Rice,1
33.57860631,28.54663687,Rice,1
26.96018726,33.0528829,Rice,1
22.09002444,12.0982556,Rice,1
13.44782561,21.06177683,Rice,1
14.19960925,26.35621439,Rice,1
14.52722692,11.40108879,Rice,1
16.83544249,6.882436559,Rice,1
33.97527373,19.55596314,Rice,1
24.79445978,6.822672971,Rice,1
25.27895765,14.12459632,Rice,1
17.5313059,7.162680396,Rice,1
17.8283879,10.60199175,Rice,1
19.24869188,10.12808215,Rice,1
54.34897092,11.70460965,Rice,1
21.84030898,12.79287178,Rice,1
35.67203054,24.44407246,Rice,1
21.0159197,6.319869434,Rice,1
20.2021436,27.65287311,Rice,1
16.95807079,26.93771501,Rice,1
14.50927802,16.09352994,Rice,1
11.80201934,21.50529248,Rice,1
10.31960987,17.70798128,Rice,1
10.68508737,15.48709537,Rice,1
12.73340023,10.10206206,Rice,1
37.03321363,12.5226747,Rice,1
27.83668731,9.183462681,Rice,1
33.09764384,21.23498435,Rice,1
45.00243177,23.8368739,Rice,1
34.01470174,17.94442018,Rice,1
38.06887255,18.68735375,Rice,1
36.49446486,15.78973285,Rice,1
20.65375909,37.96503489,Rice,1
52.43511082,16.4849859,Rice,1
38.38868839,35.11908815,Rice,1
29.60855521,17.4295888,Rice,1
38.96068346,33.56350798,Rice,1
38.96068346,28.27474187,Rice,1
32.52473151,36.99516623,Rice,1
30.26315243,35.21697941,Rice,1
29.39315607,40.12560801,Rice,1
32.70122839,33.49539823,Rice,1
35.38612573,18.62214389,Rice,1
39.32598039,36.03895301,Rice,1
33.644185,17.51546262,Rice,1
34.38283874,24.63230912,Rice,1
33.71973744,24.51897857,Rice,1
33.63592866,23.69226866,Rice,1
34.35756503,23.5964986,Rice,1
34.49382618,24.74818418,Rice,1
34.86744753,22.86381543,Rice,1
34.61829093,29.67596281,Rice,1
37.75721092,16.45949365,Rice,1
34.29446579,22.94399591,Rice,1
35.45235416,21.50207384,Rice,1
34.48666501,20.29279491,Rice,1
33.80495671,29.29407409,Rice,1
36.14156302,39.98363894,Rice,1
34.07548239,33.41606453,Rice,1
33.65969374,23.84865061,Rice,1
33.82488945,21.07376733,Rice,1
33.82488945,31.66615894,Rice,1
6.453194933,23.01793968,Rice,1
6.979737406,22.33981196,Rice,1
6.819636875,16.7308144,Rice,1
7.770108057,16.68344706,Rice,1
11.06468395,17.31265742,Rice,1
12.20846161,30.22959625,Rice,1
12.16299319,18.72745245,Rice,1
12.41889843,32.89575625,Rice,1
11.8915101,35.20742999,Rice,1
11.42984928,39.87470233,Rice,1
11.42984928,32.66003391,Rice,1
6.073084624,17.99742149,Rice,1
23.89882408,22.05115236,Rice,1
14.04670765,24.77059425,Rice,1
17.05376266,24.81592057,Rice,1
29.69645006,18.59255591,Rice,1
18.49636395,21.89022017,Rice,1
18.44757789,25.26256234,Rice,1
27.78757776,22.89900615,Rice,1
45.21565952,27.26411353,Rice,1
14.48692563,38.70722548,Rice,1
14.48692563,35.24921454,Rice,1
27.88876776,28.40406022,Rice,1
13.62077539,20.42656842,Rice,1
16.1235996,15.97478159,Rice,1
21.35321263,15.86101389,Rice,1
21.97011836,17.39643747,Rice,1
22.50152772,18.27968161,Rice,1
22.42831365,23.75615444,Rice,1
21.76107055,18.46871649,Rice,1
22.39077184,38.98806079,Rice,1
37.54721988,15.4013348,Rice,1
25.52104214,30.84660978,Rice,1
25.76474516,19.35330966,Rice,1
25.01993672,36.20601831,Rice,1
24.55356413,29.62492883,Rice,1
22.84749669,42.53427977,Rice,1
24.56291867,34.11931726,Rice,1
20.37008595,25.63223202,Rice,1
20.02828097,24.10817393,Rice,1
20.02828097,36.43285679,Rice,1
5.740848722,18.0638982,Rice,1
7.201236055,15.64573015,Rice,1
7.564950628,24.33690476,Rice,1
14.89331852,19.26850144,Rice,1
17.44115685,23.4195658,Rice,1
21.39674021,35.63494499,Rice,1
26.10648007,19.21821952,Rice,1
21.04313206,33.56639296,Rice,1
15.58488858,37.82029003,Rice,1
21.08286364,38.96258723,Rice,1
21.08286364,20.88246577,Rice,1
12.51592776,16.68259785,Rice,1
6.472558201,17.46655661,Rice,1
7.369678242,15.92672646,Rice,1
6.733882549,18.85854481,Rice,1
7.060554224,19.60704322,Rice,1
6.10030471,19.43222532,Rice,1
12.47834008,30.46766953,Rice,1
16.14375272,18.7208932,Rice,1
7.659005651,30.39079628,Rice,1
7.45327755,24.78129879,Rice,1
10.85544228,32.54783775,Rice,0
10.85544228,31.55779579,Rice,0
4.433630836,18.01208931,Rice,0
88.00784263,18.51870243,Rice,0
76.09252969,15.49754019,Rice,0
73.88762878,20.22209675,Rice,0
64.00953292,20.12736402,Rice,0
61.51400715,20.16440997,Rice,0
47.85877767,33.20838775,Rice,0
102.1287412,15.87519134,Rice,0
53.77947021,32.24557784,Rice,0
80.17078549,33.43313733,Rice,0
77.68360126,17.4053298,Rice,0
93.32271542,34.88458444,Rice,0
76.16111049,22.26802669,Rice,0
16.25944006,23.59821601,Rice,0
19.19144471,22.2013124,Rice,0
25.306215,24.60492643,Rice,0
29.43050006,16.00210648,Rice,0
31.44339409,19.45704578,Rice,0
30.10270006,22.88161796,Rice,0
31.57990288,23.30760768,Rice,0
30.90774803,26.44869978,Rice,0
35.83621151,23.2769182,Rice,0
33.53643289,25.1453084,Rice,0
34.22983893,38.34537097,Rice,0
35.05023236,42.67373903,Rice,0
28.33769672,40.15897324,Rice,0
49.03221419,36.68545659,Rice,0
31.31722674,43.30414646,Rice,0
25.27533587,21.00244574,Rice,0
23.44903747,22.27905149,Rice,0
23.23137801,30.60202218,Rice,0
20.74326258,21.90495184,Rice,0
24.97796557,26.52816465,Rice,0
16.44457331,20.15941396,Rice,0
15.01531287,18.22409473,Rice,0
17.5592793,18.9149309,Rice,0
16.28578939,19.10122592,Rice,0
18.36290122,20.91056841,Rice,0
17.02333179,20.4345166,Rice,0
20.90606785,23.51098595,Rice,0
26.14061944,23.48170801,Rice,0
23.77110298,23.8331935,Rice,0
24.66912954,39.13974081,Rice,0
29.0293124,29.44480219,Rice,0
32.01217174,39.648358,Rice,0
33.19221591,43.6140456,Rice,0
31.31933762,44.9791969,Rice,0
31.31933762,44.43059715,Rice,0
30.78035311,44.62394529,Rice,1
21.30552277,28.08424855,Rice,1
20.80145395,23.96087163,Rice,1
24.28254495,25.79075266,Rice,1
14.002248,21.51916557,Rice,1
17.83199559,22.71537933,Rice,1
20.93512597,23.89007386,Rice,1
18.36089958,8.005617797,Rice,1
19.40420702,12.73214556,Rice,1
19.81204659,7.813721293,Rice,1
20.79275452,6.049874804,Rice,1
21.65398471,7.822181923,Rice,1
20.27557123,24.52826923,Rice,1
22.20405932,11.01612175,Rice,1
22.43742941,16.41452065,Rice,1
25.55750734,7.964157183,Rice,1
27.89709977,26.79573203,Rice,1
27.40634027,15.93956641,Rice,1
30.26046932,27.95099915,Rice,1
18.09269422,15.08163594,Rice,1
20.85657151,25.26427518,Rice,1
16.7441449,24.9899168,Rice,1
14.1773719,11.88861268,Rice,1
18.19943282,22.4605039,Rice,1
16.39210369,5.484115303,Rice,1
15.73541126,13.86700042,Rice,1
25.80770905,12.33872614,Rice,1
21.86916502,5.310387776,Rice,1
21.05309826,8.650700751,Rice,1
22.7312239,8.410311819,Rice,1
28.34037075,23.35223356,Rice,1
31.58271173,10.53565402,Rice,1
32.21270961,24.15817317,Rice,1
32.62992594,6.85409619,Rice,1
30.75147069,20.32919834,Rice,1
32.38586894,20.80252992,Rice,1
34.29283144,33.98877024,Rice,1
52.00255078,26.12499424,Rice,1
18.1761066,21.70190211,Rice,1
21.36880816,19.92040785,Rice,1
25.83256391,25.33996229,Rice,1
28.81676907,5.974601298,Rice,1
25.05830311,16.80107351,Rice,1
29.09970587,5.445147962,Rice,1
30.60567786,5.542355939,Rice,1
87.14431446,17.39407921,Rice,1
74.52982123,23.22550551,Rice,1
70.46709131,20.690673,Rice,1
60.8752313,21.33142399,Rice,1
62.40788964,17.62184237,Rice,1
51.95983961,27.00106366,Rice,1
54.37357905,15.41499623,Rice,1
48.58477831,38.30422719,Rice,1
91.85033209,35.31503213,Rice,1
76.83049334,15.00075916,Rice,1
84.1060722,28.24436788,Rice,1
72.46141175,15.78883775,Rice,1
72.47262819,22.01744143,Rice,1
77.00192317,16.25419575,Rice,1
72.11811136,22.49816802,Rice,1
69.76318897,20.48971725,Rice,1
74.5852571,24.57046859,Rice,1
70.87935839,20.55684817,Rice,1
61.82573215,17.4154426,Rice,1
69.99878243,34.92101875,Rice,1
81.17134439,20.65216371,Rice,1
81.17134439,28.77700084,Rice,1
71.04444292,33.96198711,Rice,1
80.29495976,22.73967602,Rice,1
78.9194819,20.23677351,Rice,1
17.43966836,17.26219042,Rice,1
19.32018273,19.98210869,Rice,1
20.94626677,18.70478767,Rice,1
22.4128649,24.90761023,Rice,1
23.15625238,20.37537443,Rice,1
25.78634016,26.42678375,Rice,1
34.72527686,16.54529015,Rice,1
25.60763807,25.53579628,Rice,1
26.01567229,21.10217455,Rice,1
19.24400891,31.93411049,Rice,1
26.23779642,23.87650243,Rice,1
39.75336569,43.33694196,Rice,1
18.15506744,30.39133461,Rice,1
17.90862908,33.13213103,Rice,1
17.00223394,18.61082347,Rice,1
17.00223394,32.02555919,Rice,1
20.4454289,15.95504439,Rice,1
40.71536105,2.177985264,Rice,1
39.7753903,0.712090027,Rice,1
34.06575123,-4.68163756,Rice,1
30.78362239,13.03639021,Rice,1
34.96433203,-0.984325745,Rice,1
25.89397272,2.957844272,Rice,1
31.45117035,4.541023247,Rice,1
31.41561139,8.572059985,Rice,1
31.76945366,8.731675519,Rice,1
29.45239273,21.7954669,Rice,1
21.28553706,23.36279171,Rice,1
16.12049261,24.23223001,Rice,1
9.950387202,28.46939813,Rice,1
14.80707657,26.59154445,Rice,1
19.92571373,2.882322886,Rice,1
27.45644338,22.50648025,Rice,1
30.35339307,20.70774832,Rice,1
41.34690065,12.33869363,Rice,1
38.69394032,-3.425660147,Rice,1
49.59811484,19.76001793,Rice,1
47.25892897,1.98304817,Rice,1
47.9438975,-1.84612053,Rice,1
55.78242051,4.733828605,Rice,1
55.06975774,1.53532059,Rice,1
52.74391546,-4.751929798,Rice,1
51.43756416,0.42329049,Rice,1
50.51793836,-0.643662634,Rice,1
58.12040229,13.80694507,Rice,1
51.775728,3.768039737,Rice,1
54.83936368,2.581288431,Rice,1
53.3955611,1.308679033,Rice,1
51.55814125,7.515765322,Rice,1
55.20567109,6.055392506,Rice,1
49.13331714,26.71778822,Rice,1
48.2925619,25.9900855,Rice,1
52.16293857,23.24503626,Rice,1
41.82902249,27.85046752,Rice,1
47.69627271,25.15155704,Rice,1
36.56033433,29.00386542,Rice,1
38.80539981,19.46692818,Rice,1
53.68965609,14.46667212,Rice,1
50.38080805,5.453350643,Rice,1
47.13527944,7.233489082,Rice,1
49.71836411,3.795220655,Rice,1
53.97092663,11.37517739,Rice,1
49.5693227,4.842529221,Rice,1
56.0116395,0.791523478,Rice,1
37.43111255,-1.226594255,Rice,1
43.21633535,-3.156286811,Rice,1
25.83083602,1.708523382,Rice,1
26.01208947,2.480716623,Rice,1
45.25411678,-1.251623301,Rice,1
19.37341001,24.49365966,Rice,1
19.96927542,3.615895528,Rice,1
24.98054534,8.896208913,Rice,1
26.4962967,17.16546751,Rice,1
28.73863552,24.80060354,Rice,1
28.23060004,29.81745159,Rice,1
21.39020812,28.82546724,Rice,1
17.59518034,26.16470959,Rice,1
18.79595419,29.58612763,Rice,1
21.44534302,22.21355727,Rice,1
26.86818961,12.60220019,Rice,1
30.03151082,24.25919939,Rice,0
40.47663088,17.3837323,Rice,0
40.71237459,-2.481244241,Rice,0
48.26938729,8.716249683,Rice,0
44.53978784,4.532159577,Rice,0
46.68650862,-4.61100079,Rice,0
22.68992097,14.45785857,Rice,0
19.09262481,11.53478098,Rice,0
27.4768297,6.617862597,Rice,0
17.99267669,9.006498059,Rice,0
21.09836044,10.66431179,Rice,0
44.19295692,21.227882,Rice,0
29.03597974,8.657508292,Rice,0
31.30811236,17.7986293,Rice,0
26.20916091,11.01901244,Rice,0
30.18995087,26.75619612,Rice,0
28.98561664,24.33512303,Rice,0
30.71764671,26.07205104,Rice,0
23.5672307,28.47564904,Rice,0
23.5672307,16.99178063,Rice,0
19.52244929,20.20435916,Rice,0
21.49047509,27.02172,Rice,0
24.24692276,24.88139799,Rice,0
26.36031901,10.74807914,Rice,0
28.65940378,19.80367787,Rice,0
23.54918481,8.333124009,Rice,0
20.86541814,10.53993332,Rice,0
29.81014086,13.70423022,Rice,0
19.58641486,4.302808815,Rice,0
17.84976274,14.718002,Rice,0
17.77953768,8.606039632,Rice,0
23.84214671,26.19781332,Rice,0
27.71639408,9.806826761,Rice,0
29.73144736,13.78113567,Rice,0
30.72489531,5.779095432,Rice,0
28.89386898,12.03570931,Rice,0
31.41518117,17.90484608,Rice,0
32.39751099,33.69166497,Rice,0
47.31200706,34.84112176,Rice,0
14.94380643,19.40310774,Rice,0
16.85868508,11.40800167,Rice,0
30.35503754,13.08069584,Rice,0
25.12160261,6.217637162,Rice,0
18.94544893,17.59879119,Rice,0
26.23798111,9.875571157,Rice,0
29.22176349,5.825738497,Rice,0
21.45670815,10.75625463,Rice,0
11.87268349,12.23573767,Rice,0
14.42832806,13.95350622,Rice,0
16.74541546,12.72293346,Rice,0
15.63012112,27.73707077,Rice,1
28.01228455,5.948556055,Rice,1
31.30400518,10.40247996,Rice,1
32.08216783,8.117804051,Rice,1
29.91951658,13.10203588,Rice,1
30.65527192,28.67601972,Rice,1
33.51304398,29.14704247,Rice,1
13.68656073,31.69163857,Rice,1
12.15639622,6.793016751,Rice,1
14.6601468,10.50058801,Rice,1
15.07009479,20.90642856,Rice,1
31.88389615,11.17103735,Rice,1
28.59360474,16.33738795,Rice,1
27.27168806,7.397793909,Rice,1
36.15810475,5.20523916,Rice,1
12.8602281,5.514456868,Rice,1
8.612771749,6.156274418,Rice,1
20.50068708,5.59534981,Rice,1
13.70661539,8.606551721,Rice,1
20.74422914,14.23302356,Rice,1
31.5725798,20.3536802,Rice,1
33.64657087,11.33939827,Rice,1
36.00445762,13.98489268,Rice,1
33.96209479,13.4707071,Rice,1
35.46029901,23.95474102,Rice,1
33.39024178,10.50939241,Rice,1
33.81310476,34.99593293,Rice,1
6.668448221,27.38559242,Rice,1
6.668448221,28.00970171,Rice,1
17.70275103,26.74410164,Rice,1
22.42090666,20.07529779,Rice,1
28.56399805,20.21502358,Rice,1
30.08768645,6.778696802,Rice,1
25.56903773,26.09794831,Rice,1
14.65321737,13.23834048,Rice,1
16.36007136,5.173416502,Rice,1
25.46364996,10.80773173,Rice,1
33.29573557,9.634637425,Rice,1
24.40210579,14.02309395,Rice,1
26.88061536,13.40705203,Rice,1
27.13497889,11.41815908,Rice,1
32.39668547,19.35244118,Rice,1
30.12369924,5.846112594,Rice,1
32.99357787,8.570139833,Rice,1
25.97754256,11.24058923,Rice,1
29.26695997,21.03765836,Rice,1
32.07438035,29.43566132,Rice,1
14.57276019,16.49376938,Rice,1
13.10784044,19.9385903,Rice,1
20.1615833,27.77096038,Rice,1
20.52651498,6.678210135,Rice,1
23.96789487,19.06529345,Rice,1
26.75029392,12.34228433,Rice,1
25.44476146,14.28586182,Rice,1
19.36740393,19.5016076,Rice,1
20.65391343,19.97587343,Rice,1
22.1058058,18.60967263,Rice,1
21.69173433,15.85105083,Rice,1
16.93131775,21.56568831,Rice,1
24.86884703,28.42633353,Rice,1
27.80904521,24.53373559,Rice,1
31.20663579,31.36472393,Rice,1
29.80183749,19.0806694,Rice,1
32.80876597,23.20295477,Rice,1
35.40411335,26.18125761,Rice,1
36.53483876,42.65291668,Rice,1
12.41263528,32.20607019,Rice,1
11.38272262,28.70526527,Rice,1
15.34044356,36.09356932,Rice,1
19.13745182,24.35951628,Rice,1
16.22142302,26.14175783,Rice,1
15.93231246,20.7721109,Rice,1
16.29054942,23.42827863,Rice,1
38.51432805,10.39775573,Rice,1
36.7374753,6.581249121,Rice,1
38.26761562,6.295595559,Rice,1
37.6572644,7.990538402,Rice,1
39.71173553,23.22465849,Rice,1
39.73713436,14.16384568,Rice,1
40.22082304,23.60456342,Rice,1
40.11726444,10.52402793,Rice,1
41.22965507,20.87590226,Rice,1
41.3277584,26.48282274,Rice,1
43.93633204,34.29703681,Rice,1
48.66448948,33.31892155,Rice,1
37.52069341,13.29397585,Rice,1
37.46429266,21.31551001,Rice,1
41.76877123,13.76112624,Rice,1
39.78548558,13.39727902,Rice,1
40.28571922,14.58794567,Rice,1
43.45841258,11.6393317,Rice,1
9.461328123,8.231628394,Rice,1
7.059850434,9.874995733,Rice,1
13.61790726,6.824039816,Rice,1
6.514667279,12.44146017,Rice,1
13.41077649,11.55232112,Rice,1
21.75712997,27.48922547,Rice,1
32.91112079,11.32775002,Rice,1
35.55595261,16.1195463,Rice,1
35.2781381,9.283681707,Rice,1
37.05450702,16.48186341,Rice,1
35.69873435,20.4045557,Rice,1
37.10085337,30.34082194,Rice,1
12.91551571,28.03930068,Rice,1
12.91551571,10.63277834,Rice,1
26.98081269,19.73494114,Rice,1
29.57762593,29.78828099,Rice,1
28.67477109,12.8156794,Rice,1
29.82340024,22.02307502,Rice,1
18.39665363,9.315554855,Rice,1
18.39665363,7.077692517,Rice,1
33.76574639,7.028183008,Rice,1
33.40496285,7.29342851,Rice,1
32.93072905,5.198502396,Rice,1
33.32037598,9.647279136,Rice,1
35.21079137,11.57187714,Rice,1
33.26516781,26.97400732,Rice,1
33.73155792,7.140760979,Rice,1
34.16284677,20.13875421,Rice,1
34.46141631,7.958101803,Rice,1
35.03268682,28.78369561,Rice,1
33.61118808,21.14969025,Rice,1
40.56637952,26.78620106,Rice,1
29.30859615,27.34497894,Rice,1
30.87009107,29.55687667,Rice,1
30.47555753,15.54369097,Rice,1
31.95393097,13.38520094,Rice,1
29.7912542,23.92495704,Rice,1
32.96501738,10.14163213,Rice,1
32.02364717,5.562849422,Rice,1
6.994888352,13.59468449,Rice,1
8.625046124,11.22721263,Rice,1
9.891206937,14.80866564,Rice,1
12.0156877,10.08422643,Rice,1
17.71439244,12.35079777,Rice,1
30.27707878,17.27782769,Rice,1
25.18507419,9.16200694,Rice,1
28.7398714,25.99311892,Rice,1
44.82719046,14.61087459,Rice,1
27.33853739,12.63734092,Rice,1
21.83737848,10.25173417,Rice,1
23.34793224,27.83295585,Rice,1
16.27358459,26.62569167,Rice,1
19.02040956,29.22385974,Rice,1
15.47793177,17.1609929,Rice,1
20.11736792,12.84731138,Rice,1
23.10948368,10.19658341,Rice,1
25.88709238,27.77490385,Rice,1
25.98923674,5.956764449,Rice,1
34.39392912,18.56042387,Rice,1
18.41994837,9.620786646,Rice,0
11.60642462,5.950935888,Rice,0
20.05361733,13.9073947,Rice,0
18.32085128,6.530646043,Rice,0
17.25511179,14.44590141,Rice,0
20.6043783,6.044313592,Rice,0
26.63501672,6.504497594,Rice,0
24.66282671,16.73180338,Rice,0
25.9945022,10.02870216,Rice,0
26.51867628,9.16384497,Rice,0
28.18253163,5.272941858,Rice,0
30.26371324,24.89017791,Rice,0
29.85260845,20.79664499,Rice,0
36.10113792,26.52637106,Rice,0
17.22451725,29.12110485,Rice,0
49.47774113,13.23539907,Rice,0
18.18774568,11.99445032,Rice,0
19.51592113,13.34917543,Rice,0
17.53937722,16.15767729,Rice,0
20.6792737,9.919882082,Rice,0
21.49702197,13.38390283,Rice,0
18.97059749,5.909900817,Rice,0
16.55565796,7.332423009,Rice,0
12.37738409,7.374559164,Rice,0
16.46935928,10.66461205,Rice,0
15.34137947,22.50512553,Rice,0
27.28748795,12.42381039,Rice,0
30.40622107,12.67939087,Rice,0
27.41335556,13.69605437,Rice,0
27.14761341,13.19117922,Rice,0
26.45593677,12.91164043,Rice,0
27.76285971,32.25721788,Rice,0
8.37832854,34.91344014,Rice,0
8.785054091,20.03124453,Rice,0
10.84063543,26.19860722,Rice,0
12.42311783,29.54891876,Rice,0
18.58879453,18.91051837,Rice,0
17.63611384,14.82543739,Rice,0
27.01987665,27.23244477,Rice,0
21.2747604,13.00557387,Rice,0
24.15173161,5.067288419,Rice,0
86.33199821,24.08984983,Rice,0
73.33327383,18.23413977,Rice,0
69.77967307,18.01607391,Rice,0
60.5088294,20.94377754,Rice,0
62.36436482,23.4715933,Rice,0
50.84834846,26.56335144,Rice,0
52.87450703,23.56083267,Rice,0
47.2854608,35.00517127,Rice,0
84.19608973,25.79888269,Rice,0
76.6021075,18.10002519,Rice,1
82.53826612,39.28893725,Rice,1
73.23491393,19.75252006,Rice,1
71.227124,24.33056132,Rice,1
71.227124,21.85185077,Rice,1
67.73056492,21.60943679,Rice,1
65.71237665,24.09932031,Rice,1
65.48938337,17.37680771,Rice,1
59.56429492,32.19990791,Rice,1
60.04024554,25.98460789,Rice,1
55.93793015,31.10780011,Rice,1
66.01586372,38.73352141,Rice,1
72.9406495,43.27351799,Rice,1
54.96420829,38.29371969,Rice,1
54.47943403,27.38459041,Rice,1
62.51256116,28.31472291,Rice,1
80.3319776,29.43894688,Rice,1
73.8184173,23.75003549,Rice,1
70.71880287,21.12056653,Rice,1
68.5453868,19.28961547,Rice,1
67.14905698,19.48128366,Rice,1
67.28823105,17.906698,Rice,1
64.61916191,21.82524585,Rice,1
53.36006934,23.10398175,Rice,1
61.91982128,25.26804617,Rice,1
64.47238942,22.74409367,Rice,1
70.74578348,31.79267592,Rice,1
78.79941972,42.430097,Rice,1
78.06565422,18.63343834,Rice,1
80.24879224,17.02412871,Rice,1
32.49009973,20.60931593,Rice,1
24.29432893,15.00731817,Rice,1
25.42371886,17.00112555,Rice,1
27.66586218,22.54911929,Rice,1
28.35258501,21.58616563,Rice,1
24.86152526,26.74159049,Rice,1
21.01361816,19.48385123,Rice,1
19.98435385,23.82283493,Rice,1
20.71402852,24.12691472,Rice,1
24.82890491,22.05124265,Rice,1
24.86545628,33.99616752,Rice,1
25.35815293,44.53928683,Rice,1
17.21956483,29.0539513,Rice,1
22.93488354,35.45953777,Rice,1
18.10451454,38.63431696,Rice,1
23.26030247,24.44541085,Rice,1
5.547181026,16.23195301,Rice,1
4.788964009,22.56616483,Rice,1
5.090446412,22.90450628,Rice,1
10.2216765,24.9137438,Rice,1
11.12144299,23.21626636,Rice,1
13.74172715,32.34816864,Rice,1
11.55070006,17.25567439,Rice,1
12.95193512,24.28456869,Rice,1
12.01354339,44.11388436,Rice,1
15.51311059,27.47612224,Rice,1
15.51311059,30.05700624,Rice,1
8.412597373,18.832268,Rice,1
19.53166821,19.74768621,Rice,1
22.5623476,17.27280577,Rice,1
20.56990521,20.3416472,Rice,1
22.26335254,19.66441251,Rice,1
21.99469931,22.54286014,Rice,1
28.07987967,32.02607074,Rice,1
23.66967227,22.69645257,Rice,1
24.53207269,38.2964112,Rice,1
24.77348318,18.63666135,Rice,1
24.82663639,25.63467713,Rice,1
25.50089872,30.87468287,Rice,1
24.77524257,42.40038476,Rice,1
31.25222311,44.66552102,Rice,1
18.21515235,38.3844643,Rice,1
22.26501121,34.29333557,Rice,1
23.92295776,12.63254021,Rice,1
