soil_moisture,temperature,rainfall,crop_type,irrigate 
46.11935326,9.884228735,1.662354196,Rice,
37.54252546,13.96707263,8.446302193,Rice,
24.92627906,13.59014742,3.862833237,Rice,
24.1141571,12.34335542,16.62354196,Rice,
27.42092711,11.00770651,9.496210107,Rice,
25.29849811,29.05703078,11.03814476,Rice,
21.98207972,14.59747283,17.52762933,Rice,
22.13672953,26.89658942,16.57368075,Rice,
22.71814608,11.23455428,16.86155872,Rice,
22.15002624,28.76547304,10.38336348,Rice,
27.75477796,13.70434524,16.87002572,Rice,
17.65553208,29.52973786,17.38086801,Rice,
19.87173275,12.30010937,10.59880157,Rice,
25.86733441,27.22968767,16.87002572,Rice,
21.30151768,8.42731778,10.40500137,Rice,
24.50682826,14.34964174,16.74302073,Rice,
32.53902625,10.48604637,15.38547851,Rice,
27.55478778,7.15824618,15.79471681,Rice,
29.87769423,5.360588605,15.70346137,Rice,
29.58064007,10.31998996,15.43910284,Rice,
31.06500775,24.80185578,15.61220594,Rice,
29.46609228,10.67081945,15.23119097,Rice,
32.68652662,24.46960053,8.583655738,Rice,
28.40299316,8.004618748,5.360551336,Rice,
31.76514447,11.70462216,8.714423838,Rice,
31.79573154,26.50252718,8.741706391,Rice,
34.59903245,26.13669465,8.344698202,Rice,
22.33293371,29.83822159,17.43072923,Rice,
22.24571278,24.13354742,16.67528474,Rice,
24.46075439,26.78854948,10.09078161,Rice,
22.08713363,18.24981266,16.86155872,Rice,
35.36774049,13.18674182,14.82289345,Rice,
28.0841874,10.67075885,15.44004362,Rice,
28.35467794,7.3110801,9.401191559,Rice,
38.52707084,14.29143827,14.9216751,Rice,
16.50204369,2.422129317,10.84152222,Rice,
15.7470058,2.147650438,10.89232421,Rice,
16.66753044,4.327139258,10.66465601,Rice,
20.17343393,14.52483839,9.458578999,Rice,
20.02121235,-4.031876022,16.97445205,Rice,
21.73527529,19.51012847,9.79349586,Rice,
22.00542446,-2.719074593,16.55392441,Rice,
24.7485165,10.02258994,16.38740676,Rice,
22.08666981,3.652494779,16.3563611,Rice,
26.50133112,19.33520352,16.4109262,Rice,
14.37828846,22.92156592,11.3570684,Rice,
14.37828846,20.48778906,17.87101319,Rice,
26.34884128,9.582822325,10.06443984,Rice,
17.274722,8.70154737,10.69852401,Rice,
22.83493734,3.707944027,9.846179411,Rice,
24.13494577,1.29060563,9.618511208,Rice,
25.84166687,0.271629576,5.259888122,Rice,
22.0445318,1.663050003,10.13593894,Rice,
22.43966876,-0.664619247,10.1039525,Rice,
33.96125062,9.828339601,13.93009541,Wheat,
29.24852825,5.982979369,6.628719676,Wheat,
27.48680321,5.691287543,6.617430344,Wheat,
27.97095166,14.82789047,6.444327247,Wheat,
28.12240746,28.98050161,12.58290174,Wheat,
28.58726122,11.62770983,6.617430344,Wheat,
28.71591248,28.18958034,6.391643696,Wheat,
30.14183059,9.598223578,13.94985174,Wheat,
26.53972708,20.727333,6.505477798,Wheat,
29.04033834,15.40347099,6.412340805,Wheat,
30.3787584,27.66737007,6.179027936,Wheat,
56.083278,31.11896722,11.62989393,Wheat,
20.27760532,13.10162185,7.898769572,Wheat,
24.7959453,12.2937533,7.475419607,Wheat,
24.15627516,27.66481088,14.70341468,Wheat,
26.31112693,6.843965232,13.92821385,Wheat,
22.90034679,20.46887335,14.43058914,Wheat,
24.66602259,8.7308595,7.18377852,Wheat,
27.38410152,5.438815589,14.790907,Wheat,
13.58571574,0.284146544,8.92233571,Wheat,
40.51330923,-4.07563896,13.56131055,Wheat,
6.92740058,0.336860282,9.317462344,Wheat,
8.935411027,-0.102234748,9.240318572,Wheat,
12.52487532,1.158586148,12.11721678,Wheat,
25.14697222,4.379422078,8.771811278,Wheat,
28.87379864,20.22662851,5.577870985,Wheat,
32.18900573,3.425364608,13.13796058,Wheat,
33.54432348,13.55247049,13.15865769,Wheat,
32.95383483,3.181951511,12.79833983,Wheat,
33.23265688,22.69539717,12.75412328,Wheat,
43.33229535,25.48800523,13.38350356,Wheat,
43.087413,23.09288341,31.47936263,Wheat,
11.68087522,25.6153555,15.95935291,Wheat,
11.48552153,24.43021635,8.941151264,Wheat,
34.51222301,10.61869702,15.00540432,Wheat,
19.21722882,11.03417784,8.19793688,Wheat,
20.07364447,20.15209097,7.284441733,Wheat,
31.33719631,11.74745445,5.873275183,Wheat,
29.68495667,0.999856278,6.053904501,Wheat,
20.12934151,6.496816709,5.677593421,Wheat,
11.97799156,4.650432001,8.878119158,Wheat,
44.57231351,-3.845887962,13.17371014,Wheat,
9.42370171,8.470341122,16.58120697,Wheat,
33.74578476,12.47520171,5.934425734,Wheat,
10.70865431,11.0554771,8.829198717,Wheat,
17.50058232,14.55577761,16.97539282,Wheat,
29.74208431,8.328404701,0.243661424,Wheat,
33.01768012,26.18993827,5.038805363,Wheat,
34.3566014,13.70844953,3.909872122,Wheat,
37.59514297,16.0064954,13.0655207,Wheat,
35.58101908,29.4692398,13.0655207,Wheat,
36.91567009,30.85686925,0.686767721,Wheat,
43.65184992,32.99342308,12.51516575,Wheat,
21.29684428,29.92105643,6.512063241,Wheat,
17.65335555,27.98986495,8.00978134,Wheat,
13.6305643,28.14502278,16.96034038,Wheat,
16.49378752,23.48481218,8.036123116,Wheat,
18.18999784,11.59945622,7.673923701,Wheat,
30.79541909,24.82967037,5.871393628,Wheat,
43.35365088,6.654316716,4.94566837,Wheat,
29.34755299,26.57090094,3.163835406,Wheat,
25.92658203,6.523393427,13.94891096,Wheat,
16.40248324,14.71720516,16.61695652,Wheat,
8.524890844,14.48249821,9.448230444,Maize,
7.270437606,14.41205366,9.467045998,Maize,
13.68481938,10.76787097,8.944914374,Maize,
5.161353119,12.33596592,9.521611105,Maize,
10.13711104,5.979251707,8.6401024,Maize,
16.01961073,25.37069921,15.1540472,Maize,
30.47919582,5.986267313,5.491319437,Maize,
33.53006951,28.00610409,5.196856016,Maize,
32.38689415,6.819805005,13.23674224,Maize,
34.45495368,21.56425448,12.75506406,Maize,
32.44080792,12.97547015,5.420761109,Maize,
34.17528663,34.69150333,5.16675113,Maize,
7.019339401,30.22474509,16.21900755,Maize,
7.019339401,19.23056862,16.70068574,Maize,
23.46687148,11.93705088,6.671054673,Maize,
27.06520986,18.25045189,6.178087158,Maize,
22.99526886,8.183966457,13.89622741,Maize,
26.85520746,13.19203159,7.871487018,Maize,
14.88556346,11.99251511,8.867770603,Maize,
14.88556346,11.94041564,8.867770603,Maize,
26.14611,21.4186911,6.157390048,Maize,
24.40169586,23.17752637,12.99119926,Maize,
27.0623633,20.62948484,5.750974082,Maize,
26.19112406,25.0657269,5.717106085,Maize,
26.23316352,17.5463765,5.671007977,Maize,
28.92863251,21.55383881,5.393478556,Maize,
28.93091237,17.76317655,5.300341564,Maize,
28.84422285,23.76538371,5.21567157,Maize,
45.62851775,20.38358033,4.611692287,Maize,
28.87953068,38.09060325,5.119712245,Maize,
30.0910521,30.46293682,10.37019259,Maize,
14.69787199,39.72765406,15.86809747,Maize,
27.40913453,24.27023032,6.215718266,Maize,
27.16382519,19.07415708,13.27719568,Maize,
24.67540187,29.39259057,6.198784267,Maize,
26.44634545,15.53484293,6.089654054,Maize,
26.7607511,20.80115625,5.830940186,Maize,
27.47471941,14.65802682,14.19163161,Maize,
30.66043681,12.58819336,6.83569077,Maize,
12.54272064,14.39035038,8.420901195,Maize,
14.73760777,8.941489762,14.98282566,Maize,
17.64200652,16.44350385,14.46445714,Maize,
24.44896539,8.914717125,6.415163138,Maize,
28.78767974,19.76316407,5.686060421,Maize,
27.96588529,13.99049495,13.2555578,Maize,
27.75084067,20.25557495,6.050141391,Maize,
28.15294806,21.66282371,6.055786057,Maize,
27.34411163,27.23500446,13.09468481,Maize,
13.83970982,26.90717088,15.70346137,Maize,
14.24539995,24.8127179,16.12587056,Maize,
11.64726395,15.10279495,8.99571637,Maize,
16.04548014,10.87413897,14.83794589,Maize,
21.41617581,10.12380438,7.243988292,Maize,
23.33744642,22.49293702,14.29041327,Maize,
29.12959129,7.031918516,13.23297913,Maize,
28.4407952,5.746996227,13.82755064,Maize,
20.86843979,6.561077004,6.979629759,Bajra,
21.02133591,13.92667068,6.892137432,Bajra,
22.34252525,14.88110693,13.89340508,Bajra,
22.69349952,12.02035186,6.620252677,Bajra,
23.34498317,13.80872842,6.550635127,Bajra,
31.02738033,29.15834346,4.511969851,Bajra,
25.36202389,5.160529177,6.392584474,Bajra,
26.56070131,12.7636022,6.121640496,Bajra,
27.08882566,5.962621378,6.146100716,Bajra,
29.80547964,18.61739075,5.846933407,Bajra,
27.48440187,14.8161351,6.331433923,Bajra,
27.86018432,34.58961883,6.244882375,Bajra,
20.43952171,25.50778505,14.33745215,Bajra,
22.38200434,32.47653256,7.146147411,Bajra,
18.04995011,21.67641781,15.02516065,Bajra,
20.95234659,22.06702864,7.352177728,Bajra,
21.13423471,12.3835119,7.142384301,Bajra,
23.47964511,17.57342934,14.18128305,Bajra,
21.86283771,9.443800814,7.031372532,Bajra,
50.200237,11.0786418,11.96763313,Bajra,
21.9767637,7.577559516,6.888374322,Bajra,
21.28511764,14.52522066,6.959873427,Bajra,
26.02410988,9.952262294,6.362479587,Bajra,
26.43596173,6.819327897,6.109410386,Bajra,
26.38580293,7.639494465,13.06363915,Bajra,
27.62877258,14.5480559,5.8008353,Bajra,
31.47545062,5.945272768,5.573167097,Bajra,
28.24528139,21.87430552,13.14078292,Bajra,
30.47894621,10.15093566,5.496964103,Bajra,
31.90922547,10.89918577,5.356788226,Bajra,
33.48127145,13.86017377,5.177099685,Bajra,
32.53352231,27.37198259,12.58102019,Bajra,
31.86853307,13.42859378,5.284348343,Bajra,
34.20946383,33.99320385,5.129120022,Bajra,
21.59808121,27.06479899,3.25226851,Bajra,
23.35671742,12.29878792,7.497057494,Bajra,
21.46665321,16.77459935,7.305138843,Bajra,
22.41122419,6.587928567,6.877084989,Bajra,
19.18147455,28.36718048,13.71183498,Bajra,
23.64907901,14.31080081,6.952347205,Bajra,
25.57956654,12.68602286,6.611785678,Bajra,
21.30110779,13.94825115,14.39389881,Bajra,
18.14480051,12.84425055,8.122674664,Bajra,
12.34364801,5.475853826,8.369158422,Bajra,
17.95707377,6.794317571,7.852671464,Bajra,
16.26373411,15.51617808,14.61780391,Bajra,
25.9215981,5.559848323,3.17042085,Bajra,
28.51948637,18.98904676,6.149863827,Bajra,
24.63781753,4.575440915,14.18598694,Bajra,
24.23166391,11.39380784,6.57415457,Bajra,
25.87003286,20.70938366,6.714330447,Bajra,
26.55409966,32.06859906,6.642831342,Bajra,
9.734403103,26.58268642,15.78530903,Bajra,
9.351322548,18.45943763,16.42974176,Bajra,
9.683382861,21.95912835,9.232792351,Bajra,
11.55316655,10.25487561,8.768988945,Bajra,
15.71581385,26.61227475,8.233686433,Bajra,
14.63449815,5.052100514,15.42499117,Bajra,
22.05474778,10.16892947,14.2932356,Bajra,
15.22873856,10.62714377,8.260028209,Bajra,
18.98630835,6.645296239,15.28105219,Bajra,
16.10708846,16.65171122,7.951453123,Jowar,
13.02226372,18.27255645,8.198877658,Jowar,
13.48685657,16.9444557,8.153720329,Jowar,
16.39939032,18.86766449,7.593957597,Jowar,
24.89494865,16.18961622,6.664469229,Jowar,
23.30293734,28.99725455,13.38162201,Jowar,
27.63989287,21.57792987,6.015332616,Jowar,
30.73611825,23.93468204,5.70675753,Jowar,
29.04991425,20.44505811,5.653133201,Jowar,
31.73569969,35.70642373,5.502608769,Jowar,
33.33458023,34.59810853,5.262710455,Jowar,
33.48464896,42.03176011,5.235427902,Jowar,
29.16484901,37.78684419,31.69668228,Jowar,
21.42381453,39.20470642,6.851683991,Jowar,
23.06125551,31.09460172,6.50453702,Jowar,
18.9154622,18.8705507,14.05427806,Jowar,
20.16466662,36.72573166,14.13142184,Jowar,
13.91935175,15.15702595,8.536616853,Jowar,
11.63023262,15.29934065,8.736061725,Jowar,
17.79297599,15.5247279,8.092569778,Jowar,
16.47873223,15.98493079,8.167831994,Jowar,
18.10041111,18.76333525,14.59804758,Jowar,
19.45201255,19.17070176,7.559148822,Jowar,
17.54271392,20.12364947,7.435906943,Jowar,
21.40081835,33.04913,14.50773292,Jowar,
35.04215503,19.15581611,6.184672602,Jowar,
21.12269943,29.94406359,7.482945828,Jowar,
46.14406644,17.84080685,15.2509473,Jowar,
21.11952257,23.20584232,7.934519124,Jowar,
15.10382182,33.74453503,17.0356026,Jowar,
17.74109429,37.41302639,2.862786542,Jowar,
12.09802132,39.03281312,9.043696033,Jowar,
15.38037437,38.39194607,15.99886557,Jowar,
17.52024289,16.61562116,14.99223343,Jowar,
17.52024289,35.38840191,15.1371132,Jowar,
15.60370587,8.708406984,8.692785951,Jowar,
9.269284135,13.88113993,9.234673906,Jowar,
18.25593524,6.902334145,8.491459523,Jowar,
6.398272897,14.5673042,9.467045998,Jowar,
11.91595799,5.552405317,8.457591526,Jowar,
27.40588912,18.92926495,3.145019852,Jowar,
30.89092466,11.53131002,5.544943766,Jowar,
34.5472997,20.69662,5.136646244,Jowar,
35.51443276,5.268948061,5.090548136,Jowar,
46.36499667,22.10898786,11.25264207,Jowar,
35.41107856,22.86914947,4.96636548,Jowar,
36.20615987,28.69767763,4.772565274,Jowar,
12.80890492,32.34271556,15.48896406,Jowar,
12.80890492,12.70457521,16.10987734,Jowar,
23.39114186,16.28119646,7.532807046,Jowar,
49.01752197,14.21132917,4.624863175,Jowar,
33.30111722,25.26438177,5.720869196,Jowar,
34.91130655,13.47037337,11.95540302,Jowar,
30.83519491,23.59411625,13.33928701,Jowar,
18.98543649,10.85074293,8.440657527,Jowar,
13.67949361,12.46881267,8.966552262,Jowar,
24.71020521,14.20326407,7.303257287,Soybean,
17.26490382,14.93465957,15.02421987,Soybean,
41.14121308,10.1536148,12.91687783,Soybean,
13.86583543,7.40510073,8.395500197,Soybean,
15.86381318,8.235337883,7.879954018,Soybean,
26.02965944,18.90883069,14.26313071,Soybean,
30.05977015,9.640557062,6.035088947,Soybean,
32.67136562,25.86887061,5.647488535,Soybean,
29.78215184,6.339653604,6.150804605,Soybean,
45.16178136,14.94824139,5.021871364,Soybean,
30.80810536,22.02950264,5.889268404,Soybean,
31.38380247,34.73535142,5.676652644,Soybean,
29.98599708,28.39730252,14.18128305,Soybean,
29.98599708,17.70351051,13.3524579,Soybean,
26.04433608,19.09323323,7.123568747,Soybean,
35.52367438,21.75770122,6.026621948,Soybean,
22.49611578,12.83832067,7.043602642,Soybean,
24.27844049,12.12602481,13.40984534,Soybean,
28.12463554,26.26150303,13.75981464,Soybean,
27.34970871,13.8137048,6.727501335,Soybean,
29.68008264,8.303676986,6.481017577,Soybean,
17.95324024,23.76094249,7.630647927,Soybean,
16.53600013,22.93764102,7.712495587,Soybean,
17.05260517,20.58563878,7.672982924,Soybean,
18.54616521,19.55819966,7.263744624,Soybean,
25.94788147,21.8324675,6.556279793,Soybean,
21.06071627,39.07088837,13.83131375,Soybean,
26.56527472,21.9341582,6.280631927,Soybean,
26.93245781,36.99784875,6.54969435,Soybean,
26.13245398,18.08420565,13.34493168,Soybean,
27.28459773,36.06626469,6.346486366,Soybean,
29.31501528,25.52064542,6.03414817,Soybean,
31.36982167,44.16787947,5.861045073,Soybean,
18.96863215,22.6500643,27.02948411,Soybean,
19.40886016,30.05076415,7.643818815,Soybean,
21.19537173,35.6738552,2.643585338,Soybean,
18.21018239,16.79629313,7.465071052,Soybean,
20.22970277,27.33083667,14.67048746,Soybean,
15.40104132,22.960116,8.208285435,Soybean,
14.07391892,24.91033938,8.234627211,Soybean,
24.98226696,8.133497173,6.601437123,Soybean,
26.15102117,8.229367599,6.523352574,Soybean,
24.22845975,6.948433415,14.18880928,Soybean,
24.44438084,13.16554676,6.66823234,Soybean,
25.80245762,6.376518155,6.652239119,Soybean,
27.87108798,12.57355046,6.305092147,Soybean,
29.18732881,14.08968636,6.147041494,Soybean,
31.28575175,25.72365982,5.859163517,Soybean,
30.31194702,14.5785823,5.949478177,Soybean,
29.96477805,29.87272717,13.02506726,Soybean,
26.06197588,15.01188668,6.853565547,Soybean,
25.87736856,30.03004273,6.860150991,Soybean,
26.41938131,25.8500948,6.746316889,Soybean,
26.41938131,16.84277286,13.70430876,Soybean,
25.69243488,22.18313169,7.033254087,Soybean,
27.35330416,14.22904401,6.550635127,Soybean,
28.10955568,16.52197329,13.3355239,Soybean,
26.32747507,13.32254069,6.240178486,Soybean,
30.72692292,10.86115971,12.68732807,Soybean,
28.28082974,6.843589879,6.360598032,Soybean,
24.95401079,11.54087501,6.649416786,Soybean,
21.54421161,7.189186839,17.93216375,Sugarcane,
13.72324974,8.032900094,11.6609396,Sugarcane,
11.86524273,6.660678564,11.71362315,Sugarcane,
11.20154372,9.597576946,11.6901037,Sugarcane,
19.9564898,23.99281168,6.370946586,Sugarcane,
24.55873167,7.523405646,9.61757043,Sugarcane,
27.07964001,20.63347994,9.125543693,Sugarcane,
27.78367384,20.58598118,9.081327141,Sugarcane,
29.04609226,20.05731284,9.186694243,Sugarcane,
29.70070612,33.94551898,9.047459144,Sugarcane,
21.50925064,27.93406047,17.02149093,Sugarcane,
11.35633299,10.33662164,11.85662136,Sugarcane,
31.89120069,23.65177745,9.565827657,Sugarcane,
19.73495203,16.45642767,16.33566399,Sugarcane,
25.22847029,11.35918768,15.49084561,Sugarcane,
22.60671161,16.73036218,15.86809747,Sugarcane,
26.17483352,12.58417131,9.679661758,Sugarcane,
32.24661762,9.553768277,15.53412139,Sugarcane,
23.43467862,21.46224182,8.967493039,Sugarcane,
23.3624664,21.61680104,8.784041388,Sugarcane,
24.37013874,23.45188785,8.759581168,Sugarcane,
26.47907123,20.03522988,8.450065304,Sugarcane,
31.95269211,22.63606074,8.216752434,Sugarcane,
29.50992168,23.52184195,15.01951599,Sugarcane,
32.61203753,16.90445177,7.875250129,Sugarcane,
33.1264074,34.76552057,7.971209455,Sugarcane,
43.04471018,20.81584788,7.626884816,Sugarcane,
32.93008965,29.88855474,14.28570938,Sugarcane,
34.16885182,35.78852744,7.787757803,Sugarcane,
35.13709986,41.4120547,7.696502366,Sugarcane,
18.87906103,24.96419038,40.25117391,Sugarcane,
19.53517345,39.04695451,10.11712339,Sugarcane,
23.42775749,24.07983275,2.340654918,Sugarcane,
20.0558881,15.82933363,9.447289666,Sugarcane,
20.49523885,37.23729041,15.79471681,Sugarcane,
20.06840494,22.51296334,9.857468744,Sugarcane,
19.33630518,17.41447003,9.719174422,Sugarcane,
24.96772495,19.0458298,9.275127347,Sugarcane,
23.83278154,22.94869407,16.24629011,Sugarcane,
26.8484222,22.75030962,15.73638859,Sugarcane,
26.59804206,19.28232663,8.716305393,Sugarcane,
27.42088084,24.52984635,8.539439186,Sugarcane,
32.34040269,25.41476394,8.07939889,Sugarcane,
29.14411128,21.4132853,3.926806121,Sugarcane,
28.77999086,29.23901369,8.229923322,Sugarcane,
29.83524837,25.04088391,8.252501987,Sugarcane,
28.20141388,35.75845344,8.38609242,Sugarcane,
28.5941938,28.1530432,9.515025661,Sugarcane,
22.56112094,32.88779527,16.60660797,Sugarcane,
26.98831877,35.45159399,8.92609882,Sugarcane,
27.33983437,19.19531253,15.02986454,Sugarcane,
27.21242677,39.04941626,8.873415269,Sugarcane,
27.09193104,17.4063703,8.952440596,Sugarcane,
26.36657986,22.3654261,8.895053156,Sugarcane,
15.83637407,20.18681704,7.932637569,Cotton,
17.18916829,18.11118001,14.37790559,Cotton,
15.27623834,20.08320107,7.638174149,Cotton,
20.21016981,22.60181626,6.83569077,Cotton,
26.02301468,21.03066124,6.138574494,Cotton,
26.19437098,26.82373681,13.19722958,Cotton,
29.74654669,16.3123781,5.559996209,Cotton,
28.19971394,23.52972744,5.370899891,Cotton,
28.82503847,16.63988235,12.39192387,Cotton,
30.37281625,20.95644644,5.047272362,Cotton,
30.36441611,30.94539802,4.882636265,Cotton,
36.93929285,38.8053603,4.564653402,Cotton,
10.34053168,28.30900432,10.08419617,Cotton,
11.86650927,29.06293296,8.598708181,Cotton,
16.04551463,28.09715642,7.785876248,Cotton,
15.29920224,23.55099548,14.7617429,Cotton,
13.77090919,20.83046349,15.3224464,Cotton,
15.48207715,16.52534805,8.26755443,Cotton,
14.18428286,23.57544563,5.09713358,Cotton,
24.44814592,5.73800047,6.627778899,Cotton,
23.2858212,11.70963392,6.624956566,Cotton,
21.57232699,5.533169338,14.24901905,Cotton,
22.19745074,12.29883337,6.730323668,Cotton,
26.15823665,5.515439761,6.441504914,Cotton,
23.47603381,16.36321086,13.32799768,Cotton,
26.43643807,7.235692072,6.100943386,Cotton,
28.4052162,24.88447114,5.758500304,Cotton,
32.10061044,7.327138057,5.440517441,Cotton,
31.72112237,20.17004148,12.07111867,Cotton,
31.13476655,10.2088425,5.356788226,Cotton,
42.47533713,31.03928365,12.05982934,Cotton,
23.29598706,14.99271092,14.64226413,Cotton,
29.26919118,16.0388477,7.004089979,Cotton,
23.02541807,13.79485969,7.004089979,Cotton,
22.94343219,11.7633842,6.772658664,Cotton,
20.30713732,23.85920826,14.14271117,Cotton,
23.30471528,14.66731643,7.136739634,Cotton,
21.14753728,7.115610857,7.353118506,Cotton,
28.3878844,24.26072359,6.64753523,Cotton,
24.14838554,22.34670993,13.90657597,Cotton,
24.84587135,16.4428934,13.89058274,Cotton,
24.14428837,23.86338948,6.588266235,Cotton,
22.31755865,22.43256267,6.664469229,Cotton,
24.66849694,23.95343041,13.508627,Cotton,
23.93712135,20.63228952,6.463142801,Cotton,
26.02799729,34.57774511,6.062371501,Cotton,
27.88365914,23.74398529,12.76917573,Cotton,
26.73135272,21.35169434,6.263697929,Cotton,
28.59352676,28.63505288,5.804598411,Cotton,
28.56283309,38.19664287,5.879860627,Cotton,
27.70910785,40.63164229,13.06740226,Cotton,
17.56877287,28.30981436,9.483979997,Cotton,
16.75682696,33.9383638,8.327764203,Cotton,
13.25789788,21.43467626,8.704075283,Cotton,
19.84144365,19.81100958,7.714377142,Cotton,
25.1331566,22.09836321,6.564746793,Cotton,
17.85560088,14.0498349,14.96024699,Tea,
32.12724071,5.075615022,13.26966946,Tea,
28.12050825,10.03198564,6.64377212,Tea,
21.72883598,5.86991056,13.85953708,Tea,
26.08653476,14.1953518,14.26877538,Tea,
40.3411295,25.65826116,12.80680683,Tea,
27.28449607,9.086359843,8.065287225,Tea,
35.82777431,21.34347796,13.46911434,Tea,
32.38624613,34.2326672,14.21515105,Tea,
32.38624613,16.53713963,18.23603494,Tea,
18.93575715,25.33534763,8.578951849,Tea,
15.66622112,26.89962201,8.915750266,Tea,
15.65192317,16.22979882,8.915750266,Tea,
15.7662674,11.44377226,8.724772393,Tea,
31.62340996,28.89787353,6.634364343,Tea,
17.58032553,10.88729247,15.61314671,Tea,
19.36248836,14.76494895,7.876190907,Tea,
10.29450891,10.052029,15.67147493,Tea,
46.08813644,5.877095297,5.122534578,Tea,
9.262806106,9.139039335,8.78310061,Tea,
14.33834045,11.76625737,15.75896726,Tea,
49.73026372,5.333284851,11.75501737,Tea,
52.41966212,10.16721204,11.29874018,Tea,
14.5314748,10.92033265,15.99792479,Tea,
24.84444297,17.09887807,14.23772972,Tea,
27.01249849,6.621800289,13.97525274,Tea,
14.22602704,22.81399919,16.04308212,Tea,
42.7111209,28.55628936,5.300341564,Tea,
5.900713181,23.02277418,9.827363857,Tea,
7.307550852,17.04103785,9.734226865,Tea,
8.099260358,12.27974618,9.547012103,Tea,
8.565479209,18.4167719,9.467986776,Tea,
7.924067895,7.542526273,9.46610522,Tea,
4.8885574,8.234016006,9.528196549,Tea,
14.29867676,18.58694995,8.777455944,Tea,
11.23814626,24.02019179,16.15409389,Tea,
6.877424259,19.25213818,16.21524444,Tea,
11.43580551,20.69595999,8.972196928,Tea,
10.82927986,20.45501032,8.917631821,Tea,
13.10238784,32.57864525,15.31868329,Tea,
17.1696668,15.26746041,4.304998757,Tea,
11.03662054,20.44579574,9.015472702,Tea,
7.189143259,43.43127692,16.88507817,Tea,
13.08302171,31.58957963,5.230724014,Tea,
13.08302171,36.27466798,15.84834114,Tea,
11.78656718,17.99835809,9.243140905,Tea,
24.48357284,15.63872037,6.878966545,Coffee,
22.06360675,17.63329105,14.23020349,Coffee,
23.244905,15.64807399,13.52650177,Coffee,
24.02142864,17.15864672,6.315440702,Coffee,
24.52910617,24.27863928,6.114114274,Coffee,
24.31198946,38.75657195,3.606941703,Coffee,
25.10928401,22.51200478,6.045437502,Coffee,
25.69049793,20.67317508,5.996517062,Coffee,
24.87562058,20.92602439,13.69396021,Coffee,
20.54203129,26.67116945,6.903426765,Coffee,
19.8531877,26.96374283,5.678534199,Coffee,
38.17204383,41.86971705,2.056540053,Coffee,
14.24595151,37.66877298,8.65233251,Coffee,
15.86778087,30.21649057,15.33655807,Coffee,
18.09343218,19.57610618,14.89909644,Coffee,
18.09343218,39.75335564,15.16815886,Coffee,
38.23648493,23.04219954,6.92600543,Coffee,
40.38695155,15.66932141,13.29507046,Coffee,
39.86839546,18.01510522,14.25654527,Coffee,
49.27159211,24.19153616,5.471563105,Coffee,
41.21613268,18.22826392,13.9432663,Coffee,
28.38235936,20.53818364,7.284441733,Coffee,
37.49313178,19.26399932,6.129166717,Coffee,
45.20884613,29.16464131,5.802716855,Coffee,
33.89719569,16.84600863,23.58435617,Coffee,
43.25051202,36.90271619,12.79175439,Coffee,
43.25051202,23.6169936,37.64804201,Coffee,
36.44321636,39.93994227,14.01100229,Coffee,
35.89654132,42.90159501,7.026668644,Coffee,
34.97926383,40.79886051,7.367230171,Coffee,
38.21864395,22.19349447,20.77237162,Coffee,
47.25617672,17.91007432,12.90652927,Coffee,
46.57466577,26.48550266,5.901498514,Coffee,
40.54541239,24.47617871,6.942939428,Coffee,
50.3100653,24.22530853,6.525234129,Coffee,
6.460230826,16.63823428,9.81795608,Coffee,
6.418048295,22.33456553,16.41563009,Coffee,
4.908093844,16.85101061,17.31030969,Coffee,
9.881485596,16.90160143,9.181049577,Coffee,
11.06304206,17.55583122,8.876237602,Coffee,
15.82267442,34.80812279,15.66488949,Coffee,
15.88309138,17.59128914,8.334349647,Coffee,
16.37915235,24.77838451,8.06716878,Coffee,
19.01805396,17.15452929,14.90662266,Coffee,
6.299331042,24.42025656,2.567382344,Coffee,
16.98071492,24.55295288,10.19991183,Coffee,
16.98071492,44.46871901,15.93583347,Coffee,
14.65055467,40.38810075,15.38265618,Coffee,
8.045163263,32.73650799,5.322920228,Coffee,
8.045163263,33.29966356,16.82769073,Coffee,
9.005490235,17.4844331,9.630741318,Coffee,
41.19813147,6.964812799,4.95413537,Barley,
37.57936139,6.179612484,12.80774761,Barley,
40.07656822,8.654107764,5.100896691,Barley,
36.71760375,8.845940703,5.246717235,Barley,
41.87274357,23.81418753,11.77853681,Barley,
33.61312108,13.37998123,12.85760883,Barley,
38.00232466,22.56378154,5.309749341,Barley,
38.73216969,9.240509045,5.770730414,Barley,
37.86622569,24.74968158,12.18213044,Barley,
36.63401479,25.3830847,5.449925218,Barley,
38.93534946,29.03603727,5.220375459,Barley,
45.2702357,28.0049812,10.06443984,Barley,
35.86223023,25.76162675,12.76259028,Barley,
37.7527028,30.37391546,5.38783389,Barley,
36.62151018,19.65961986,13.0316527,Barley,
36.99326163,17.70546092,5.548706876,Barley,
35.88992706,15.18810613,5.51860199,Barley,
41.57915814,12.96637169,5.028456808,Barley,
44.50816439,10.69708929,5.020930587,Barley,
42.84027421,10.73408719,11.62989393,Barley,
34.53358144,5.974133908,5.514838879,Barley,
37.68343783,11.62018614,12.11533522,Barley,
22.95759002,10.22562515,6.548753572,Barley,
23.832627,14.22015347,6.354953366,Barley,
25.17192238,12.71051685,13.59611932,Barley,
26.43633403,5.736275446,6.049200613,Barley,
25.52372969,6.843054856,6.15268616,Barley,
31.72944935,17.84607776,4.511969851,Barley,
27.36183472,12.84701121,6.065193834,Barley,
28.9089361,11.55072403,5.664422534,Barley,
30.03404672,13.14894633,5.6616002,Barley,
31.89698402,21.40036158,5.502608769,Barley,
28.86303634,13.91232046,6.047319058,Barley,
29.44811417,28.53153334,5.930662623,Barley,
23.18667847,28.9282963,14.62721168,Barley,
22.71758881,31.63423818,7.045484198,Barley,
19.92977475,24.5338994,14.23961127,Barley,
22.26629491,10.34438565,7.100049304,Barley,
23.52227422,29.49295286,6.688929449,Barley,
25.92174399,21.88226595,13.24426846,Barley,
27.10718768,8.368623471,6.327670812,Barley,
52.41152142,20.69522896,11.18302452,Barley,
24.9717454,7.146956313,6.287217371,Barley,
24.71589208,13.75085579,6.23453382,Barley,
13.07852224,9.233004766,8.620346068,Barley,
10.91066734,7.530888186,16.16067934,Barley,
20.29480345,9.228320039,7.999432786,Barley,
9.506839707,10.33798275,8.602471292,Barley,
12.39192331,11.71261392,8.008840563,Barley,
14.82350682,19.24313918,15.02610143,Barley,
29.22689506,12.12259309,5.607975871,Barley,
32.92688827,19.1403143,5.222257014,Barley,
30.45910794,13.97669863,5.738743972,Barley,
32.02950359,29.48489697,5.602331205,Barley,
28.80602992,11.95846984,5.809302299,Barley,
30.53952398,25.36075577,5.492260214,Barley,
6.571805389,27.88863419,16.94528794,Barley,
6.571805389,26.13321899,16.2970921,Barley,
13.11781134,14.9748755,8.606234402,Barley,
16.84558237,22.85783312,7.737896585,Barley,
19.84528943,10.89284389,14.59334369,Barley,
27.0379127,28.06585639,9.239377795,Barley,
20.63088388,7.083086957,7.807514135,Barley,
20.63088388,6.822004669,7.807514135,Barley,
14.04406013,8.707579224,8.178180549,Groundnut,
15.82015313,6.967994364,7.92417057,Groundnut,
17.55198511,9.56818749,14.9216751,Groundnut,
17.84894773,9.61013298,7.492353605,Groundnut,
18.32953093,14.76505238,7.191304741,Groundnut,
19.51283366,26.50706539,3.773459356,Groundnut,
21.49305636,14.71474115,6.96269576,Groundnut,
22.07837936,23.98707325,6.767013998,Groundnut,
24.74137794,13.73386023,13.47381822,Groundnut,
25.27446685,10.34912556,13.19064414,Groundnut,
25.10894807,19.36434516,6.393525251,Groundnut,
33.02550864,25.56044728,12.66757173,Groundnut,
12.92433241,22.46110587,15.86621592,Groundnut,
15.59331512,26.1040554,8.595885848,Groundnut,
11.60414895,16.10838248,8.646687843,Groundnut,
12.38985978,13.66911424,8.307067094,Groundnut,
17.75722013,10.07816775,15.43345817,Groundnut,
12.8570971,14.71691491,8.65609562,Groundnut,
12.44366964,8.295581396,8.599648958,Groundnut,
23.56281149,22.20461919,14.09755384,Groundnut,
23.56281149,18.25920929,5.653133201,Groundnut,
26.17184487,20.91274328,7.17531152,Groundnut,
26.76794175,19.14381571,14.01382462,Groundnut,
27.45543436,24.81459849,6.627778899,Groundnut,
45.41882078,20.42338375,4.963543147,Groundnut,
40.79948948,29.25438417,5.425464998,Groundnut,
28.0927506,27.8199993,13.8670633,Groundnut,
28.36263555,39.9820371,13.01848182,Groundnut,
26.82372059,35.57359082,14.09379073,Groundnut,
28.40563097,35.65772577,6.258053262,Groundnut,
30.87999443,26.33753113,8.022952228,Groundnut,
48.5963709,33.81056957,6.874262656,Groundnut,
27.0401227,24.18293832,13.71183498,Groundnut,
24.58819195,18.66173526,7.204475629,Groundnut,
22.36275553,17.85920238,14.53689703,Groundnut,
24.56714822,16.31154148,13.88117497,Groundnut,
24.78964009,22.90451377,6.358716476,Groundnut,
23.51407178,21.5233119,6.342723255,Groundnut,
24.91866741,23.30446119,13.35810257,Groundnut,
24.34353658,18.3508247,6.270283373,Groundnut,
24.83285409,39.48200671,6.183731824,Groundnut,
26.74262973,15.95344375,13.42207545,Groundnut,
24.61061139,29.55661447,6.571332237,Groundnut,
25.69849066,28.31691524,6.223244487,Groundnut,
23.35797778,37.10671802,6.758546999,Groundnut,
25.50379068,43.72120626,13.53779111,Groundnut,
18.91512321,32.47119316,14.12577717,Groundnut,
19.48275726,26.64211869,7.60901004,Groundnut,
16.7961638,30.203844,15.45603684,Groundnut,
19.6123993,22.25968283,7.559148822,Groundnut,
23.74960435,24.67428265,6.663528451,Groundnut,
21.31470022,5.107030253,7.190363963,Mustard,
21.15205802,11.5822368,7.204475629,Mustard,
20.74700783,13.52925127,14.53313391,Mustard,
21.23595781,7.548532889,7.195067852,Mustard,
24.80310233,13.56152114,6.572273014,Mustard,
30.19628487,24.96674004,12.99119926,Mustard,
34.11183928,13.98621045,5.162047242,Mustard,
36.46987758,11.30968093,4.874169265,Mustard,
37.48979018,6.96035108,4.833715824,Mustard,
38.39029966,23.12668085,12.01373123,Mustard,
39.48492252,28.80713386,12.02878368,Mustard,
37.36608687,33.50995335,12.37404909,Mustard,
29.52616624,30.35462284,13.27061024,Mustard,
16.16396289,30.19372918,15.21143464,Mustard,
21.50722981,26.82879959,14.66578357,Mustard,
20.17218005,16.11155669,14.13330339,Mustard,
26.62695005,23.31364234,6.50453702,Mustard,
30.24084357,20.38911681,5.671948755,Mustard,
32.29937738,11.61090799,6.412340805,Mustard,
35.72796633,13.16899154,5.242013346,Mustard,
33.77681429,20.37746919,12.14732167,Mustard,
31.16449505,8.749421144,5.698290531,Mustard,
26.62045748,10.3676058,6.3408417,Mustard,
11.32587785,14.2183133,15.59339038,Mustard,
36.61448071,14.35935163,5.865748961,Mustard,
9.680270015,12.44985106,9.106728139,Mustard,
12.98347566,16.95377595,12.24610332,Mustard,
23.86993227,7.492790679,3.860951682,Mustard,
29.71938881,19.53838415,5.623028315,Mustard,
30.85567648,13.91807433,12.41732487,Mustard,
36.51839459,28.17755979,12.57725708,Mustard,
34.07577754,14.36547881,12.30160921,Mustard,
34.87762988,25.17328129,12.87548361,Mustard,
49.49844061,28.47679245,11.4539685,Mustard,
11.20893648,30.75898298,11.36365384,Mustard,
9.472043676,31.17050057,9.229970018,Mustard,
10.29796978,26.35733467,16.23500077,Mustard,
11.78673754,14.9456206,8.969374595,Mustard,
12.91536078,22.02244593,8.755818057,Mustard,
33.72265146,25.69477437,5.906202402,Mustard,
40.76700968,6.371345134,5.288111453,Mustard,
31.25882991,16.72353653,2.430969578,Mustard,
25.83511731,14.51073584,6.763250887,Mustard,
21.16976762,12.00630516,14.30358416,Mustard,
25.10822255,11.1906691,15.02892376,Mustard,
14.05743741,12.44463002,8.501808078,Mustard,
16.3571246,6.439836074,8.036123116,Mustard,
17.57501858,8.105801391,14.89533333,Mustard,
16.13866154,21.15937678,14.95742466,Mustard,
26.16863809,5.296166435,13.46441045,Mustard,
31.04679918,22.94400833,5.929721845,Mustard,
24.16190824,11.59118358,14.49550281,Mustard,
28.97485518,10.79188055,6.298506704,Mustard,
29.16563216,29.35406397,6.329552368,Mustard,
32.80393045,27.49858441,13.15395381,Mustard,
13.6902908,25.16573879,15.4870825,Mustard,
15.72262513,14.93565351,8.532853742,Mustard,
19.10037264,22.45041969,7.928874458,Mustard,
19.06289188,28.12589651,14.88028089,Mustard,
31.74992484,14.98473501,12.89053605,Mustard,
26.00756915,10.00176792,13.3439909,Mustard,
25.75068508,7.665204213,6.846039325,Mustard,
38.01523586,8.750902041,12.45025209,Mustard,
19.71659566,20.05550259,7.255277625,Sunflower,
18.6710832,16.87684813,13.69113787,Sunflower,
19.33080077,22.97497784,13.63657277,Sunflower,
23.67744895,19.57260282,6.168679381,Sunflower,
25.95196316,22.67785167,5.922195623,Sunflower,
26.70222816,25.92325114,12.68450573,Sunflower,
29.32226594,23.85314765,5.498845658,Sunflower,
32.83939967,32.57600884,5.310690118,Sunflower,
32.42416776,20.69805527,16.44855731,Sunflower,
31.11031135,20.56934965,5.544002988,Sunflower,
32.22094587,38.75035272,5.337031894,Sunflower,
33.5261665,37.52408557,5.239191013,Sunflower,
34.02678004,35.85745898,12.35711509,Sunflower,
15.39805383,37.52035254,15.38453773,Sunflower,
15.32731908,24.11566238,8.143371774,Sunflower,
17.03070963,28.53101518,7.951453123,Sunflower,
18.61863582,20.36709863,14.94613532,Sunflower,
17.88809193,27.09685643,7.618417817,Sunflower,
16.40282824,16.77509801,7.70308781,Sunflower,
18.43021717,22.25595884,7.231758182,Sunflower,
42.97266744,24.85976508,5.031279141,Sunflower,
37.92290997,17.10213208,12.38816076,Sunflower,
38.01600861,17.16438644,12.03725068,Sunflower,
37.89853672,23.72752942,5.21567157,Sunflower,
37.22177437,22.29853642,5.194974461,Sunflower,
36.48799172,23.4360473,14.39578037,Sunflower,
37.32975112,18.22629814,5.232605569,Sunflower,
34.8854385,21.64525419,5.483793215,Sunflower,
37.19838755,24.58034196,12.44648897,Sunflower,
39.78171188,39.10482673,5.365255225,Sunflower,
37.12755238,39.25476876,5.404767888,Sunflower,
38.94242736,36.6528987,5.304104674,Sunflower,
34.57247831,36.64552076,23.47804829,Sunflower,
36.29741732,24.84733746,5.667244867,Sunflower,
35.04254352,24.58392608,5.666304089,Sunflower,
38.71430821,22.74075349,5.472503883,Sunflower,
23.85036666,20.72644987,6.011569505,Sunflower,
23.77812758,17.7677489,5.901498514,Sunflower,
24.11955569,21.18339955,5.899616959,Sunflower,
26.11234676,19.92829836,5.68229731,Sunflower,
30.47385207,17.82459625,5.458392217,Sunflower,
28.17741399,35.40808126,12.40885787,Sunflower,
31.21845195,23.71392641,5.327624117,Sunflower,
31.64047545,39.42964692,5.488497104,Sunflower,
30.49772259,23.94315381,5.582574874,Sunflower,
31.69085676,26.44508403,5.489437881,Sunflower,
33.08290198,20.56186082,5.264592011,Sunflower,
30.46588105,37.01969929,5.910906291,Sunflower,
19.01479126,37.80765333,25.22695403,Sunflower,
19.55042636,24.22891039,7.32677673,Sunflower,
20.88302023,26.58357426,2.527869681,Sunflower,
19.25510169,21.28912378,6.720915891,Sunflower,
21.22092966,34.45083647,13.6224611,Sunflower,
21.54432061,22.62821326,6.845098547,Sunflower,
21.74470716,18.31558436,6.608022567,Sunflower,
25.1704041,24.78658951,6.867677212,Ragi,
26.51548617,17.08950715,6.640949786,Ragi,
27.7595354,16.21132824,13.33270157,Ragi,
28.88452734,21.1930898,6.185613379,Ragi,
28.48445566,20.17317743,6.092476387,Ragi,
31.51026579,20.3526356,12.9008846,Ragi,
31.73278878,15.16690214,12.8378525,Ragi,
28.55259368,37.81902217,6.266520262,Ragi,
29.93057108,21.31048546,14.72505257,Ragi,
27.23726487,22.66235294,6.773599442,Ragi,
25.42056697,35.04282898,20.05267668,Ragi,
36.50984344,35.98318945,3.45265416,Ragi,
25.62297195,38.53296296,6.986215202,Ragi,
26.79919695,36.87515252,14.12954028,Ragi,
26.23106744,17.4184869,13.9893644,Ragi,
26.23106744,22.09335787,14.03075862,Ragi,
26.88334074,22.66965515,7.127331857,Ragi,
26.54984852,19.13726789,7.063358974,Ragi,
25.88513828,16.21594323,14.13330339,Ragi,
25.02881898,18.55722719,7.064299752,Ragi,
26.88139945,22.86579818,13.93762163,Ragi,
29.05458751,20.49936288,12.98931771,Ragi,
30.66068109,20.89451035,1.065901134,Ragi,
31.03241774,33.36834124,13.18594025,Ragi,
30.23175757,16.32207396,8.498044967,Ragi,
35.31117723,21.25344788,5.431109664,Ragi,
35.81511072,28.54504483,12.93757493,Ragi,
26.78954871,38.281492,3.160072295,Ragi,
20.88859001,44.69102207,14.65919813,Ragi,
26.23974561,41.92446173,13.87364875,Ragi,
29.9368075,34.44083943,13.59141544,Ragi,
31.78169128,30.16737445,12.71178829,Ragi,
35.62423405,24.60191374,5.652192423,Ragi,
29.57947789,39.0918298,13.64127665,Ragi,
44.41645031,18.99258877,12.07111867,Ragi,
39.57544415,21.89989979,5.390656223,Ragi,
19.67809597,4.26956818,7.29384951,Ragi,
20.95147294,-4.00346956,6.97492587,Ragi,
19.00138793,-1.301647576,7.212942628,Ragi,
22.66391088,-4.321159155,6.733146001,Ragi,
22.48105311,-0.909798948,6.76231011,Ragi,
26.98862818,16.9968956,5.396300889,Ragi,
23.48983026,-4.790524835,13.96490418,Ragi,
23.98619031,7.704959381,6.815934439,Ragi,
23.21381522,-1.151540475,14.11448784,Ragi,
23.05045571,6.145163746,7.196949407,Ragi,
23.19738149,8.114992592,7.216705739,Ragi,
20.50195303,27.40410197,14.77115067,Ragi,
14.48672771,28.97156272,8.987249371,Ragi,
13.50128537,20.03953428,8.838606494,Ragi,
15.26562544,10.46123309,8.458532303,Ragi,
15.59730403,3.803891318,8.215811657,Ragi,
16.36251005,-0.304771105,7.986261898,Ragi,
16.11505732,14.13338302,18.15795039,Ragi,
17.28303104,-3.526391997,14.29041327,Ragi,
21.1716242,3.014986768,7.069944418,Ragi,
25.49526009,22.14125464,5.841288741,Sorghum,
25.59146294,21.12285564,5.673830311,Sorghum,
25.74334204,20.92486812,5.586337984,Sorghum,
27.97929337,24.77023725,5.372781446,Sorghum,
31.94079175,23.91992836,5.202500683,Sorghum,
29.54973495,34.76275644,12.37969376,Sorghum,
32.35756757,19.28097884,5.025634475,Sorghum,
33.84623526,35.8161121,4.983299478,Sorghum,
55.2932486,19.20324707,4.090501441,Sorghum,
34.57251228,33.21354086,11.91306802,Sorghum,
35.35692584,25.17391631,4.805492493,Sorghum,
35.84445311,37.18740332,4.832775046,Sorghum,
20.22061908,27.05534205,31.058835,Sorghum,
20.99826924,29.84458025,7.236462071,Sorghum,
24.07769025,37.20187357,2.367937472,Sorghum,
22.14293054,19.47664058,12.84537872,Sorghum,
22.36171241,29.57132723,12.77952428,Sorghum,
22.19009014,17.69154148,6.642831342,Sorghum,
21.24421489,15.6983697,6.559102127,Sorghum,
29.02391204,19.32245073,6.383176697,Sorghum,
30.22571563,26.48467346,6.051082168,Sorghum,
31.67057246,23.63405409,12.83879328,Sorghum,
33.03249093,17.58651676,5.445221329,Sorghum,
33.29416403,17.70074838,5.347380449,Sorghum,
35.47500232,27.57242676,12.24892566,Sorghum,
33.88541936,24.85232392,5.438635885,Sorghum,
34.45854779,28.51462686,5.24859879,Sorghum,
36.67737179,17.3017555,7.229876627,Sorghum,
32.32884782,37.24818219,5.673830311,Sorghum,
32.28121227,32.06223086,5.693586642,Sorghum,
37.65151572,38.83113611,5.180862796,Sorghum,
30.4630073,44.39079928,1.30485867,Sorghum,
28.04689739,29.64808653,13.81437975,Sorghum,
24.67085655,28.91960615,7.173429965,Sorghum,
26.00224227,34.70964428,13.8209652,Sorghum,
27.38615859,19.07744142,6.693633338,Sorghum,
35.66767261,19.02723926,5.826236298,Sorghum,
8.508627967,6.183541032,9.295824457,Sorghum,
7.775436446,10.21437632,9.172582578,Sorghum,
29.50045605,8.341426589,14.11072473,Sorghum,
14.53360155,11.98447995,7.974031788,Sorghum,
22.24900188,11.62617834,6.402933028,Sorghum,
32.42916619,19.58090868,12.62805907,Sorghum,
34.24792694,5.680192536,5.204382238,Sorghum,
36.36083963,17.88288632,5.061384028,Sorghum,
33.51991605,11.33388393,11.96669235,Sorghum,
44.57295747,18.88613923,11.46902094,Sorghum,
33.95209095,28.73764905,5.226020125,Sorghum,
35.34571575,27.13416146,5.004937366,Sorghum,
9.105340933,33.14457384,16.17290945,Sorghum,
9.105340933,19.88977293,16.82580917,Sorghum,
21.87406858,29.99409164,7.133917301,Sorghum,
28.16658983,21.05220321,6.199725045,Sorghum,
27.47188787,21.37473557,6.145159938,Sorghum,
25.32478361,6.381384831,13.72030198,Sorghum,
19.42997933,21.37389753,14.26407149,Sorghum,
11.37341953,12.61164317,9.131188359,Sorghum,
10.93865687,9.897370554,9.047459144,Sorghum,
40.76038855,19.49473008,5.2608289,Turmeric,
33.25837349,19.44384061,12.62147363,Turmeric,
32.84426166,22.16703155,5.479089327,Turmeric,
34.91551036,22.30905706,5.304104674,Turmeric,
34.35699531,18.93907693,5.240131791,Turmeric,
33.98475788,28.99720228,18.74875879,Turmeric,
31.0500357,21.55758305,5.923136401,Turmeric,
29.15222545,26.76157286,6.053904501,Turmeric,
30.96823489,19.00989867,12.67039407,Turmeric,
29.75159945,22.07353051,6.388821363,Turmeric,
29.69230594,39.46933337,6.313559147,Turmeric,
33.75496297,36.98345553,5.970175286,Turmeric,
24.25198525,24.52391248,16.17290945,Turmeric,
27.1457758,20.98404257,6.846980103,Turmeric,
26.33889726,30.05768777,6.713389669,Turmeric,
32.73306334,23.76775203,6.02191806,Turmeric,
69.83174242,22.31543856,6.701159559,Turmeric,
62.83169446,19.00867283,6.701159559,Turmeric,
62.83887218,20.32691292,6.701159559,Turmeric,
58.27102314,17.13160511,6.701159559,Turmeric,
51.5477887,35.10036638,6.701159559,Turmeric,
62.65887601,37.32978784,6.701159559,Turmeric,
62.65887601,31.99662756,6.701159559,Turmeric,
60.44468972,43.13990665,6.701159559,Turmeric,
62.9900599,36.1980803,6.701159559,Turmeric,
53.67038924,37.98303444,6.701159559,Turmeric,
68.25350445,36.00908894,6.701159559,Turmeric,
68.25350445,36.55552508,6.701159559,Turmeric,
57.5506128,24.9644859,6.701159559,Turmeric,
21.44102033,21.79259296,7.065240529,Turmeric,
22.93261976,18.59692038,14.23584816,Turmeric,
24.3372846,17.38342556,13.43618712,Turmeric,
24.95599237,17.07236236,6.548753572,Turmeric,
26.76719258,21.7556745,6.322966924,Turmeric,
25.84059986,38.75059379,5.448043662,Turmeric,
29.03289,19.00627769,5.798012967,Turmeric,
29.38235091,38.26046071,5.488497104,Turmeric,
35.61679633,20.5102459,11.75407659,Turmeric,
33.56890857,31.53173107,5.335150338,Turmeric,
33.36365344,31.85560003,5.267414344,Turmeric,
35.55975929,36.24067427,5.116889912,Turmeric,
24.6774368,44.17420321,13.99500907,Turmeric,
27.29642281,39.77256675,13.63845432,Turmeric,
24.6928867,38.75655655,13.98371974,Turmeric,
18.19022109,32.52024718,15.16157342,Turmeric,
15.49262686,38.64884103,7.871487018,Turmeric,
19.10661892,22.67931759,14.45599014,Turmeric,
30.94622066,22.78260675,6.227007598,Turmeric,
26.13745003,18.24084547,6.25899404,Turmeric,
37.02093943,17.6622889,6.843216992,Ginger,
41.88819315,20.95540734,12.8924176,Ginger,
41.81456772,15.80471196,12.81715539,Ginger,
41.8929526,27.63436907,6.060489945,Ginger,
42.53167234,17.82094426,5.966412175,Ginger,
42.22912184,38.41878117,5.893972292,Ginger,
45.33156333,15.26974483,2.797872881,Ginger,
44.91277475,28.89021573,5.725573084,Ginger,
45.25408952,27.6056993,13.22545291,Ginger,
45.25408952,23.83252286,35.64983018,Ginger,
42.68532062,21.75084158,15.54352916,Ginger,
42.29947651,23.72006296,6.21383671,Ginger,
40.21033503,17.11632689,6.544990461,Ginger,
27.53900236,10.19308573,13.16430236,Ginger,
48.2613952,12.34218219,11.27333918,Ginger,
53.62760343,6.590227187,4.172349101,Ginger,
28.50495555,6.699493926,13.25461702,Ginger,
30.29460554,5.065383441,6.037911281,Ginger,
44.06413312,29.96537627,12.75224173,Ginger,
40.30368602,8.535588303,12.53680363,Ginger,
39.36313873,18.31728369,12.97426526,Ginger,
28.00851954,11.31676515,7.214824184,Ginger,
29.65330761,20.73287685,8.484874079,Ginger,
31.66933147,22.37402762,12.99308082,Ginger,
33.57860631,28.54663687,93.36748287,Ginger,
26.96018726,33.0528829,14.28288705,Ginger,
22.09002444,12.0982556,8.092569778,Ginger,
13.44782561,21.06177683,9.179168022,Ginger,
14.19960925,26.35621439,16.14844923,Ginger,
14.52722692,11.40108879,8.891290046,Ginger,
16.83544249,6.882436559,8.126437775,Ginger,
33.97527373,19.55596314,5.715224529,Ginger,
24.79445978,6.822672971,13.11255959,Ginger,
25.27895765,14.12459632,2.826096212,Ginger,
17.5313059,7.162680396,7.143325078,Ginger,
17.8283879,10.60199175,13.77298553,Ginger,
19.24869188,10.12808215,6.611785678,Ginger,
54.34897092,11.70460965,11.30814796,Ginger,
21.84030898,12.79287178,6.355894143,Ginger,
35.67203054,24.44407246,20.38665277,Ginger,
21.0159197,6.319869434,13.78897875,Ginger,
20.2021436,27.65287311,14.55100869,Ginger,
16.95807079,26.93771501,55.47201632,Ginger,
14.50927802,16.09352994,8.719127726,Ginger,
11.80201934,21.50529248,10.4162907,Ginger,
10.31960987,17.70798128,9.18387191,Ginger,
10.68508737,15.48709537,8.924217265,Ginger,
12.73340023,10.10206206,8.539439186,Ginger,
37.03321363,12.5226747,12.95639049,Ginger,
27.83668731,9.183462681,6.465965134,Ginger,
33.09764384,21.23498435,7.039839531,Black Pepper,
45.00243177,23.8368739,13.24426846,Black Pepper,
34.01470174,17.94442018,14.16152672,Black Pepper,
38.06887255,18.68735375,6.357775699,Black Pepper,
36.49446486,15.78973285,13.74758453,Black Pepper,
20.65375909,37.96503489,14.0571004,Black Pepper,
52.43511082,16.4849859,4.780091495,Black Pepper,
38.38868839,35.11908815,6.212895933,Black Pepper,
29.60855521,17.4295888,20.77801629,Black Pepper,
38.96068346,33.56350798,13.19252569,Black Pepper,
38.96068346,28.27474187,45.91089255,Black Pepper,
32.52473151,36.99516623,14.19445394,Black Pepper,
30.26315243,35.21697941,7.00785309,Black Pepper,
29.39315607,40.12560801,6.39822914,Black Pepper,
32.70122839,33.49539823,15.48802328,Black Pepper,
35.38612573,18.62214389,13.01471871,Black Pepper,
39.32598039,36.03895301,5.959826731,Black Pepper,
33.644185,17.51546262,7.038898754,Black Pepper,
34.38283874,24.63230912,6.896841321,Black Pepper,
33.71973744,24.51897857,5.97676073,Black Pepper,
33.63592866,23.69226866,5.985227729,Black Pepper,
34.35756503,23.5964986,13.23109758,Black Pepper,
34.49382618,24.74818418,5.75191486,Black Pepper,
34.86744753,22.86381543,5.648429313,Black Pepper,
34.61829093,29.67596281,12.74753784,Black Pepper,
37.75721092,16.45949365,5.505431102,Black Pepper,
34.29446579,22.94399591,5.781078968,Black Pepper,
35.45235416,21.50207384,15.62161371,Black Pepper,
34.48666501,20.29279491,5.867630517,Black Pepper,
33.80495671,29.29407409,11.41727817,Black Pepper,
36.14156302,39.98363894,2.103578938,Black Pepper,
34.07548239,33.41606453,5.89491307,Black Pepper,
33.65969374,23.84865061,12.88489138,Black Pepper,
33.82488945,21.07376733,13.19158491,Black Pepper,
33.82488945,31.66615894,13.29224813,Black Pepper,
6.453194933,23.01793968,9.434118779,Black Pepper,
6.979737406,22.33981196,15.90384702,Black Pepper,
6.819636875,16.7308144,16.59908174,Black Pepper,
7.770108057,16.68344706,9.001361036,Black Pepper,
11.06468395,17.31265742,8.583655738,Black Pepper,
12.20846161,30.22959625,8.363513756,Black Pepper,
12.16299319,18.72745245,1.506185098,Black Pepper,
12.41889843,32.89575625,8.502748855,Black Pepper,
11.8915101,35.20742999,15.49178639,Black Pepper,
11.42984928,39.87470233,1.31332567,Black Pepper,
11.42984928,32.66003391,16.38646598,Black Pepper,
6.073084624,17.99742149,9.635445206,Black Pepper,
23.89882408,22.05115236,7.87901324,Cardamom,
14.04670765,24.77059425,15.8793868,Cardamom,
17.05376266,24.81592057,15.33373574,Cardamom,
29.69645006,18.59255591,6.79900044,Cardamom,
18.49636395,21.89022017,7.909118126,Cardamom,
18.44757789,25.26256234,7.883717129,Cardamom,
27.78757776,22.89900615,7.015379311,Cardamom,
45.21565952,27.26411353,5.106541357,Cardamom,
14.48692563,38.70722548,15.38830084,Cardamom,
14.48692563,35.24921454,51.17548456,Cardamom,
27.88876776,28.40406022,14.64226413,Cardamom,
13.62077539,20.42656842,8.813205496,Cardamom,
16.1235996,15.97478159,8.52532752,Cardamom,
21.35321263,15.86101389,7.627825594,Cardamom,
21.97011836,17.39643747,7.511169159,Cardamom,
22.50152772,18.27968161,14.41741826,Cardamom,
22.42831365,23.75615444,7.333362174,Cardamom,
21.76107055,18.46871649,7.331480618,Cardamom,
22.39077184,38.98806079,14.48139114,Cardamom,
37.54721988,15.4013348,5.823413965,Cardamom,
25.52104214,30.84660978,6.759487777,Cardamom,
25.76474516,19.35330966,9.29017979,Cardamom,
25.01993672,36.20601831,7.340888395,Cardamom,
24.55356413,29.62492883,11.88766702,Cardamom,
22.84749669,42.53427977,3.052823637,Cardamom,
24.56291867,34.11931726,7.325835952,Cardamom,
20.37008595,25.63223202,15.13617242,Cardamom,
20.02828097,24.10817393,14.96589166,Cardamom,
20.02828097,36.43285679,14.92449744,Cardamom,
5.740848722,18.0638982,9.818896858,Cardamom,
7.201236055,15.64573015,16.50782631,Cardamom,
7.564950628,24.33690476,16.10235112,Cardamom,
14.89331852,19.26850144,8.21863399,Cardamom,
17.44115685,23.4195658,7.506465271,Cardamom,
21.39674021,35.63494499,14.03452173,Cardamom,
26.10648007,19.21821952,2.780938882,Cardamom,
21.04313206,33.56639296,7.164962965,Cardamom,
15.58488858,37.82029003,15.89820236,Cardamom,
21.08286364,38.96258723,14.13424417,Cardamom,
21.08286364,20.88246577,14.7363419,Cardamom,
12.51592776,16.68259785,9.268541903,Cardamom,
6.472558201,17.46655661,9.690951091,Cashew Nut,
7.369678242,15.92672646,16.38458443,Cashew Nut,
6.733882549,18.85854481,16.99514916,Cashew Nut,
7.060554224,19.60704322,9.534781993,Cashew Nut,
6.10030471,19.43222532,9.738930754,Cashew Nut,
12.47834008,30.46766953,15.86527514,Cashew Nut,
16.14375272,18.7208932,8.519682854,Cashew Nut,
7.659005651,30.39079628,9.644852983,Cashew Nut,
7.45327755,24.78129879,3.241919955,Cashew Nut,
10.85544228,32.54783775,16.46360976,Cashew Nut,
10.85544228,31.55779579,9.277008903,Cashew Nut,
4.433630836,18.01208931,9.941197959,Cashew Nut,
88.00784263,18.51870243,6.701159559,Cashew Nut,
76.09252969,15.49754019,6.701159559,Cashew Nut,
73.88762878,20.22209675,6.701159559,Cashew Nut,
64.00953292,20.12736402,6.701159559,Cashew Nut,
61.51400715,20.16440997,6.701159559,Cashew Nut,
47.85877767,33.20838775,6.701159559,Cashew Nut,
102.1287412,15.87519134,6.701159559,Cashew Nut,
53.77947021,32.24557784,6.701159559,Cashew Nut,
80.17078549,33.43313733,6.701159559,Cashew Nut,
77.68360126,17.4053298,6.701159559,Cashew Nut,
93.32271542,34.88458444,6.701159559,Cashew Nut,
76.16111049,22.26802669,6.701159559,Cashew Nut,
16.25944006,23.59821601,7.548800267,Cashew Nut,
19.19144471,22.2013124,13.81908364,Cashew Nut,
25.306215,24.60492643,13.25743935,Cashew Nut,
29.43050006,16.00210648,5.734980861,Cashew Nut,
31.44339409,19.45704578,5.584456429,Cashew Nut,
30.10270006,22.88161796,12.76259028,Cashew Nut,
31.57990288,23.30760768,5.340795005,Cashew Nut,
30.90774803,26.44869978,5.371840669,Cashew Nut,
35.83621151,23.2769182,12.01373123,Cashew Nut,
33.53643289,25.1453084,5.362432892,Cashew Nut,
34.22983893,38.34537097,5.193092906,Cashew Nut,
35.05023236,42.67373903,5.179922018,Cashew Nut,
28.33769672,40.15897324,12.98273226,Cashew Nut,
49.03221419,36.68545659,10.07666995,Cashew Nut,
31.31722674,43.30414646,12.4916463,Cashew Nut,
25.27533587,21.00244574,13.63469121,Cashew Nut,
23.44903747,22.27905149,6.841335437,Cashew Nut,
23.23137801,30.60202218,6.897782099,Cashew Nut,
20.74326258,21.90495184,7.1508513,Cashew Nut,
24.97796557,26.52816465,6.228889154,Cashew Nut,
16.44457331,20.15941396,15.45979995,Tobacco,
15.01531287,18.22409473,8.219574768,Tobacco,
17.5592793,18.9149309,7.902532683,Tobacco,
16.28578939,19.10122592,7.987202676,Tobacco,
18.36290122,20.91056841,14.43717459,Tobacco,
17.02333179,20.4345166,8.016366784,Tobacco,
20.90606785,23.51098595,2.430969578,Tobacco,
26.14061944,23.48170801,6.679521672,Tobacco,
23.77110298,23.8331935,13.81626131,Tobacco,
24.66912954,39.13974081,6.862032546,Tobacco,
29.0293124,29.44480219,6.113173497,Tobacco,
32.01217174,39.648358,5.511075768,Tobacco,
33.19221591,43.6140456,12.36464132,Tobacco,
31.31933762,44.9791969,13.3439909,Tobacco,
31.31933762,44.43059715,12.88959527,Tobacco,
30.78035311,44.62394529,13.19252569,Tobacco,
21.30552277,28.08424855,5.884564515,Tobacco,
20.80145395,23.96087163,7.545037156,Tobacco,
24.28254495,25.79075266,13.98748285,Tobacco,
14.002248,21.51916557,15.47485239,Tobacco,
17.83199559,22.71537933,15.0063451,Tobacco,
20.93512597,23.89007386,14.39295804,Tobacco,
18.36089958,8.005617797,7.57231971,Tobacco,
19.40420702,12.73214556,7.395453502,Tobacco,
19.81204659,7.813721293,14.78338078,Tobacco,
20.79275452,6.049874804,7.09346386,Tobacco,
21.65398471,7.822181923,6.813112106,Tobacco,
20.27557123,24.52826923,13.98466051,Tobacco,
22.20405932,11.01612175,7.0116162,Tobacco,
22.43742941,16.41452065,6.882729655,Tobacco,
25.55750734,7.964157183,13.82472831,Tobacco,
27.89709977,26.79573203,13.38914823,Tobacco,
27.40634027,15.93956641,6.067075389,Tobacco,
30.26046932,27.95099915,12.73154462,Tobacco,
18.09269422,15.08163594,15.42310962,Tobacco,
20.85657151,25.26427518,7.704028588,Tobacco,
16.7441449,24.9899168,7.901591905,Tobacco,
14.1773719,11.88861268,8.093510556,Tobacco,
18.19943282,22.4605039,14.86899155,Tobacco,
16.39210369,5.484115303,8.274139874,Tobacco,
15.73541126,13.86700042,8.214870879,Tobacco,
25.80770905,12.33872614,14.04487029,Tobacco,
21.86916502,5.310387776,7.410505945,Tobacco,
21.05309826,8.650700751,7.349355395,Tobacco,
22.7312239,8.410311819,6.966458871,Tobacco,
28.34037075,23.35223356,13.57824455,Tobacco,
31.58271173,10.53565402,5.734980861,Tobacco,
32.21270961,24.15817317,5.590101095,Tobacco,
32.62992594,6.85409619,12.80022139,Tobacco,
30.75147069,20.32919834,5.85822274,Tobacco,
32.38586894,20.80252992,5.814946966,Tobacco,
34.29283144,33.98877024,12.98837693,Tobacco,
52.00255078,26.12499424,11.34389751,Tobacco,
18.1761066,21.70190211,7.92417057,Tobacco,
21.36880816,19.92040785,7.288204844,Tobacco,
25.83256391,25.33996229,13.54155422,Tobacco,
28.81676907,5.974601298,12.81056995,Tobacco,
25.05830311,16.80107351,13.33364235,Tobacco,
29.09970587,5.445147962,6.317322258,Tobacco,
30.60567786,5.542355939,13.22263058,Tobacco,
87.14431446,17.39407921,6.701159559,Rubber,
74.52982123,23.22550551,6.701159559,Rubber,
70.46709131,20.690673,6.701159559,Rubber,
60.8752313,21.33142399,6.701159559,Rubber,
62.40788964,17.62184237,6.701159559,Rubber,
51.95983961,27.00106366,6.701159559,Rubber,
54.37357905,15.41499623,6.701159559,Rubber,
48.58477831,38.30422719,6.701159559,Rubber,
91.85033209,35.31503213,6.701159559,Rubber,
76.83049334,15.00075916,6.701159559,Rubber,
84.1060722,28.24436788,6.701159559,Rubber,
72.46141175,15.78883775,6.701159559,Rubber,
72.47262819,22.01744143,3.3708065,Rubber,
77.00192317,16.25419575,9.902626073,Rubber,
72.11811136,22.49816802,9.788791972,Rubber,
69.76318897,20.48971725,3.342583169,Rubber,
74.5852571,24.57046859,2.915470093,Rubber,
70.87935839,20.55684817,10.03527573,Rubber,
61.82573215,17.4154426,3.954088674,Rubber,
69.99878243,34.92101875,10.0700845,Rubber,
81.17134439,20.65216371,9.892277519,Rubber,
81.17134439,28.77700084,41.18254383,Rubber,
71.04444292,33.96198711,19.23984475,Rubber,
80.29495976,22.73967602,2.460133686,Rubber,
78.9194819,20.23677351,9.73234531,Rubber,
17.43966836,17.26219042,7.544096379,Rubber,
19.32018273,19.98210869,7.084996861,Rubber,
20.94626677,18.70478767,14.16058594,Rubber,
22.4128649,24.90761023,6.359657254,Rubber,
23.15625238,20.37537443,6.060489945,Rubber,
25.78634016,26.42678375,13.13513825,Rubber,
34.72527686,16.54529015,5.610798205,Rubber,
25.60763807,25.53579628,5.905261625,Rubber,
26.01567229,21.10217455,13.93009541,Rubber,
19.24400891,31.93411049,7.297612621,Rubber,
26.23779642,23.87650243,14.24619672,Rubber,
39.75336569,43.33694196,4.74528272,Rubber,
18.15506744,30.39133461,7.612773151,Rubber,
17.90862908,33.13213103,14.81724878,Rubber,
17.00223394,18.61082347,15.0063451,Rubber,
17.00223394,32.02555919,14.55100869,Rubber,
20.4454289,15.95504439,7.013497756,Rubber,
40.71536105,2.177985264,5.102778246,Saffron,
39.7753903,0.712090027,12.31760243,Saffron,
34.06575123,-4.68163756,12.77387961,Saffron,
30.78362239,13.03639021,6.011569505,Saffron,
34.96433203,-0.984325745,13.20005191,Saffron,
25.89397272,2.957844272,14.05898195,Saffron,
31.45117035,4.541023247,2.664282447,Saffron,
31.41561139,8.572059985,1.92671273,Saffron,
31.76945366,8.731675519,9.562064546,Saffron,
29.45239273,21.7954669,7.003149201,Saffron,
21.28553706,23.36279171,8.155601884,Saffron,
16.12049261,24.23223001,15.61596905,Saffron,
9.950387202,28.46939813,9.520670327,Saffron,
14.80707657,26.59154445,8.88940849,Saffron,
19.92571373,2.882322886,7.815981134,Saffron,
27.45644338,22.50648025,8.827317162,Saffron,
30.35339307,20.70774832,1.399877218,Saffron,
41.34690065,12.33869363,5.276822121,Saffron,
38.69394032,-3.425660147,12.86889816,Saffron,
49.59811484,19.76001793,11.00803987,Saffron,
47.25892897,1.98304817,12.07488178,Saffron,
47.9438975,-1.84612053,10.93559999,Saffron,
55.78242051,4.733828605,4.020883891,Saffron,
55.06975774,1.53532059,4.043462556,Saffron,
52.74391546,-4.751929798,11.23947119,Saffron,
51.43756416,0.42329049,10.72392501,Saffron,
50.51793836,-0.643662634,11.21124785,Saffron,
58.12040229,13.80694507,3.700078695,Saffron,
51.775728,3.768039737,0.87116015,Saffron,
54.83936368,2.581288431,10.72956967,Saffron,
53.3955611,1.308679033,10.64772201,Saffron,
51.55814125,7.515765322,1.450679214,Saffron,
55.20567109,6.055392506,11.15197886,Saffron,
49.13331714,26.71778822,4.157296658,Saffron,
48.2925619,25.9900855,4.235381207,Saffron,
52.16293857,23.24503626,11.53487538,Saffron,
41.82902249,27.85046752,12.35052965,Saffron,
47.69627271,25.15155704,9.521611105,Saffron,
36.56033433,29.00386542,5.69452742,Saffron,
38.80539981,19.46692818,5.357729003,Saffron,
53.68965609,14.46667212,4.102731551,Saffron,
50.38080805,5.453350643,1.469494768,Saffron,
47.13527944,7.233489082,4.351096864,Saffron,
49.71836411,3.795220655,4.261722982,Saffron,
53.97092663,11.37517739,10.79918722,Saffron,
49.5693227,4.842529221,10.99486898,Saffron,
56.0116395,0.791523478,4.077330553,Saffron,
37.43111255,-1.226594255,5.537417544,Saffron,
43.21633535,-3.156286811,11.93658746,Saffron,
25.83083602,1.708523382,14.06086351,Saffron,
26.01208947,2.480716623,4.558067958,Saffron,
45.25411678,-1.251623301,1.619078422,Saffron,
19.37341001,24.49365966,14.75139434,Saffron,
19.96927542,3.615895528,15.01669365,Saffron,
24.98054534,8.896208913,1.940824396,Saffron,
26.4962967,17.16546751,6.933531651,Saffron,
28.73863552,24.80060354,6.698337226,Saffron,
28.23060004,29.81745159,7.10193086,Saffron,
21.39020812,28.82546724,14.96777321,Saffron,
17.59518034,26.16470959,8.669266508,Saffron,
18.79595419,29.58612763,8.053997892,Saffron,
21.44534302,22.21355727,7.620299372,Saffron,
26.86818961,12.60220019,6.498892354,Saffron,
30.03151082,24.25919939,1.684932861,Saffron,
40.47663088,17.3837323,5.418879554,Saffron,
40.71237459,-2.481244241,12.31195776,Saffron,
48.26938729,8.716249683,11.71644548,Saffron,
44.53978784,4.532159577,12.37498987,Saffron,
46.68650862,-4.61100079,11.76160281,Saffron,
22.68992097,14.45785857,7.216705739,Linseed,
19.09262481,11.53478098,14.83136045,Linseed,
27.4768297,6.617862597,14.49926592,Linseed,
17.99267669,9.006498059,7.510228382,Linseed,
21.09836044,10.66431179,6.77454022,Linseed,
44.19295692,21.227882,5.030338364,Linseed,
29.03597974,8.657508292,5.824354743,Linseed,
31.30811236,17.7986293,5.595745761,Linseed,
26.20916091,11.01901244,6.463142801,Linseed,
30.18995087,26.75619612,5.887386848,Linseed,
28.98561664,24.33512303,5.897735403,Linseed,
30.71764671,26.07205104,5.618324426,Linseed,
23.5672307,28.47564904,13.7362952,Linseed,
23.5672307,16.99178063,13.81720208,Linseed,
19.52244929,20.20435916,7.585490598,Linseed,
21.49047509,27.02172,7.097226971,Linseed,
24.24692276,24.88139799,6.566628348,Linseed,
26.36031901,10.74807914,12.91687783,Linseed,
28.65940378,19.80367787,12.68920962,Linseed,
23.54918481,8.333124009,6.957991871,Linseed,
20.86541814,10.53993332,7.265626179,Linseed,
29.81014086,13.70423022,13.62810577,Linseed,
19.58641486,4.302808815,7.926992903,Linseed,
17.84976274,14.718002,7.943926901,Linseed,
17.77953768,8.606039632,7.86678313,Linseed,
23.84214671,26.19781332,8.919513377,Linseed,
27.71639408,9.806826761,6.390702918,Linseed,
29.73144736,13.78113567,5.951359732,Linseed,
30.72489531,5.779095432,12.95733127,Linseed,
28.89386898,12.03570931,6.010628727,Linseed,
31.41518117,17.90484608,5.977701508,Linseed,
32.39751099,33.69166497,12.4540152,Linseed,
47.31200706,34.84112176,12.58007941,Linseed,
14.94380643,19.40310774,8.727594726,Linseed,
16.85868508,11.40800167,8.33717198,Linseed,
30.35503754,13.08069584,13.7447622,Linseed,
25.12160261,6.217637162,14.04110718,Linseed,
18.94544893,17.59879119,13.63186888,Linseed,
26.23798111,9.875571157,6.780184886,Linseed,
29.22176349,5.825738497,13.17182858,Linseed,
21.45670815,10.75625463,15.53506217,Linseed,
11.87268349,12.23573767,8.868711381,Linseed,
14.42832806,13.95350622,8.38232931,Linseed,
16.74541546,12.72293346,15.26035508,Linseed,
15.63012112,27.73707077,15.12488309,Linseed,
28.01228455,5.948556055,13.14736836,Linseed,
31.30400518,10.40247996,5.912787846,Linseed,
32.08216783,8.117804051,13.37127345,Linseed,
29.91951658,13.10203588,6.153626938,Linseed,
30.65527192,28.67601972,6.097180276,Linseed,
33.51304398,29.14704247,12.30913543,Linseed,
13.68656073,31.69163857,15.62349527,Linseed,
12.15639622,6.793016751,16.46831364,Linseed,
14.6601468,10.50058801,8.617523735,Linseed,
15.07009479,20.90642856,14.65731657,Linseed,
31.88389615,11.17103735,5.986168507,Linseed,
28.59360474,16.33738795,8.963729928,Linseed,
27.27168806,7.397793909,6.792414996,Linseed,
36.15810475,5.20523916,12.82468161,Linseed,
12.8602281,5.514456868,9.031465923,Sesame,
8.612771749,6.156274418,9.278890458,Sesame,
20.50068708,5.59534981,8.217693212,Sesame,
13.70661539,8.606551721,8.305185538,Sesame,
20.74422914,14.23302356,6.837572326,Sesame,
31.5725798,20.3536802,13.09468481,Sesame,
33.64657087,11.33939827,5.165810352,Sesame,
36.00445762,13.98489268,5.012463587,Sesame,
33.96209479,13.4707071,5.226020125,Sesame,
35.46029901,23.95474102,5.106541357,Sesame,
33.39024178,10.50939241,5.20344146,Sesame,
33.81310476,34.99593293,5.043509251,Sesame,
6.668448221,27.38559242,16.89354516,Sesame,
6.668448221,28.00970171,16.33472321,Sesame,
17.70275103,26.74410164,7.991906564,Sesame,
22.42090666,20.07529779,6.871440323,Sesame,
28.56399805,20.21502358,6.047319058,Sesame,
30.08768645,6.778696802,13.01565948,Sesame,
25.56903773,26.09794831,13.67608543,Sesame,
14.65321737,13.23834048,8.806620053,Sesame,
16.36007136,5.173416502,8.651391732,Sesame,
25.46364996,10.80773173,6.354953366,Sesame,
33.29573557,9.634637425,12.90370694,Sesame,
24.40210579,14.02309395,6.652239119,Sesame,
26.88061536,13.40705203,6.358716476,Sesame,
27.13497889,11.41815908,12.80586606,Sesame,
32.39668547,19.35244118,5.782019746,Sesame,
30.12369924,5.846112594,13.1332567,Sesame,
32.99357787,8.570139833,13.44841723,Sesame,
25.97754256,11.24058923,13.76734087,Sesame,
29.26695997,21.03765836,5.219434681,Sesame,
32.07438035,29.43566132,12.22916933,Sesame,
14.57276019,16.49376938,15.87374214,Sesame,
13.10784044,19.9385903,8.741706391,Sesame,
20.1615833,27.77096038,14.71564479,Sesame,
20.52651498,6.678210135,7.148028967,Sesame,
23.96789487,19.06529345,13.97431196,Sesame,
26.75029392,12.34228433,6.417985471,Sesame,
25.44476146,14.28586182,6.461261246,Sesame,
19.36740393,19.5016076,7.318309731,Sesame,
20.65391343,19.97587343,7.131094968,Sesame,
22.1058058,18.60967263,7.014438533,Sesame,
21.69173433,15.85105083,6.838513103,Sesame,
16.93131775,21.56568831,7.132976524,Sesame,
24.86884703,28.42633353,13.96678574,Sesame,
27.80904521,24.53373559,6.077423944,Sesame,
31.20663579,31.36472393,5.702994419,Sesame,
29.80183749,19.0806694,12.90464772,Sesame,
32.80876597,23.20295477,5.326683339,Sesame,
35.40411335,26.18125761,5.077377249,Sesame,
36.53483876,42.65291668,11.73526103,Sesame,
12.41263528,32.20607019,19.07238632,Sesame,
11.38272262,28.70526527,8.882823046,Sesame,
15.34044356,36.09356932,8.209226213,Sesame,
19.13745182,24.35951628,14.3186366,Sesame,
16.22142302,26.14175783,14.95366155,Sesame,
15.93231246,20.7721109,8.170654327,Sesame,
16.29054942,23.42827863,8.003195896,Sesame,
38.51432805,10.39775573,5.35490667,Pulses,
36.7374753,6.581249121,5.548706876,Pulses,
38.26761562,6.295595559,5.274940566,Pulses,
37.6572644,7.990538402,12.36370054,Pulses,
39.71173553,23.22465849,11.92341657,Pulses,
39.73713436,14.16384568,5.031279141,Pulses,
40.22082304,23.60456342,4.894866375,Pulses,
40.11726444,10.52402793,12.158611,Pulses,
41.22965507,20.87590226,4.869465377,Pulses,
41.3277584,26.48282274,4.829952713,Pulses,
43.93633204,34.29703681,11.60543371,Pulses,
48.66448948,33.31892155,11.18866919,Pulses,
37.52069341,13.29397585,5.520483545,Pulses,
37.46429266,21.31551001,12.25268877,Pulses,
41.76877123,13.76112624,4.953194592,Pulses,
39.78548558,13.39727902,12.40791709,Pulses,
40.28571922,14.58794567,4.970128591,Pulses,
43.45841258,11.6393317,11.8970748,Pulses,
9.461328123,8.231628394,9.36826434,Pulses,
7.059850434,9.874995733,9.530078104,Pulses,
13.61790726,6.824039816,8.978782372,Pulses,
6.514667279,12.44146017,9.34756723,Pulses,
13.41077649,11.55232112,8.008840563,Pulses,
21.75712997,27.48922547,13.92256919,Pulses,
32.91112079,11.32775002,5.214730793,Pulses,
35.55595261,16.1195463,5.035042252,Pulses,
35.2781381,9.283681707,5.135705466,Pulses,
37.05450702,16.48186341,12.10028278,Pulses,
35.69873435,20.4045557,5.043509251,Pulses,
37.10085337,30.34082194,4.845005157,Pulses,
12.91551571,28.03930068,16.21524444,Pulses,
12.91551571,10.63277834,15.64607393,Pulses,
26.98081269,19.73494114,6.209132822,Pulses,
29.57762593,29.78828099,5.802716855,Pulses,
28.67477109,12.8156794,12.6393484,Pulses,
29.82340024,22.02307502,8.854599715,Pulses,
18.39665363,9.315554855,8.272258319,Pulses,
18.39665363,7.077692517,8.272258319,Pulses,
33.76574639,7.028183008,5.705816752,Pulses,
33.40496285,7.29342851,5.687001198,Pulses,
32.93072905,5.198502396,13.0024886,Pulses,
33.32037598,9.647279136,5.57598943,Pulses,
35.21079137,11.57187714,5.460273773,Pulses,
33.26516781,26.97400732,12.91405549,Pulses,
33.73155792,7.140760979,5.622087537,Pulses,
34.16284677,20.13875421,5.505431102,Pulses,
34.46141631,7.958101803,12.2470441,Pulses,
35.03268682,28.78369561,12.95544971,Pulses,
33.61118808,21.14969025,5.584456429,Pulses,
40.56637952,26.78620106,12.52081041,Pulses,
29.30859615,27.34497894,13.92445074,Pulses,
30.87009107,29.55687667,6.401992251,Pulses,
30.47555753,15.54369097,6.236415375,Pulses,
31.95393097,13.38520094,5.946655844,Pulses,
29.7912542,23.92495704,12.67886107,Pulses,
32.96501738,10.14163213,6.130107495,Pulses,
32.02364717,5.562849422,6.144219161,Pulses,
6.994888352,13.59468449,8.949618263,Millets,
8.625046124,11.22721263,8.75864039,Millets,
9.891206937,14.80866564,15.34596585,Millets,
12.0156877,10.08422643,8.294836984,Millets,
17.71439244,12.35079777,7.272211623,Millets,
30.27707878,17.27782769,3.102684856,Millets,
25.18507419,9.16200694,6.288158149,Millets,
28.7398714,25.99311892,5.846933407,Millets,
44.82719046,14.61087459,5.100896691,Millets,
27.33853739,12.63734092,13.27625491,Millets,
21.83737848,10.25173417,7.192245519,Millets,
23.34793224,27.83295585,6.846980103,Millets,
16.27358459,26.62569167,15.57269327,Millets,
19.02040956,29.22385974,7.585490598,Millets,
15.47793177,17.1609929,14.65543502,Millets,
20.11736792,12.84731138,7.266566957,Millets,
23.10948368,10.19658341,6.568509904,Millets,
25.88709238,27.77490385,13.28942579,Millets,
25.98923674,5.956764449,6.172442492,Millets,
34.39392912,18.56042387,12.73530773,Millets,
18.41994837,9.620786646,7.389808836,Millets,
11.60642462,5.950935888,8.229923322,Millets,
20.05361733,13.9073947,7.531866269,Millets,
18.32085128,6.530646043,7.583609042,Millets,
17.25511179,14.44590141,15.00540432,Millets,
20.6043783,6.044313592,7.103812415,Millets,
26.63501672,6.504497594,6.378472808,Millets,
24.66282671,16.73180338,13.10032948,Millets,
25.9945022,10.02870216,6.318263035,Millets,
26.51867628,9.16384497,6.288158149,Millets,
28.18253163,5.272941858,6.069897722,Millets,
30.26371324,24.89017791,12.45307442,Millets,
29.85260845,20.79664499,5.64560698,Millets,
36.10113792,26.52637106,12.21129455,Millets,
17.22451725,29.12110485,6.104706497,Millets,
49.47774113,13.23539907,4.852531378,Millets,
18.18774568,11.99445032,7.80939569,Millets,
19.51592113,13.34917543,7.411446723,Millets,
17.53937722,16.15767729,14.41647748,Millets,
20.6792737,9.919882082,7.52716238,Millets,
21.49702197,13.38390283,7.335243729,Millets,
18.97059749,5.909900817,15.39112318,Millets,
16.55565796,7.332423009,8.335290425,Millets,
12.37738409,7.374559164,8.490518745,Millets,
16.46935928,10.66461205,8.106681444,Millets,
15.34137947,22.50512553,15.02704221,Millets,
27.28748795,12.42381039,4.721763278,Millets,
30.40622107,12.67939087,5.85822274,Millets,
27.41335556,13.69605437,13.57071833,Millets,
27.14761341,13.19117922,6.317322258,Millets,
26.45593677,12.91164043,6.749139222,Millets,
27.76285971,32.25721788,6.582621569,Millets,
8.37832854,34.91344014,16.37893976,Millets,
8.785054091,20.03124453,16.54263508,Millets,
10.84063543,26.19860722,9.179168022,Millets,
12.42311783,29.54891876,8.662681064,Millets,
18.58879453,18.91051837,7.861138464,Millets,
17.63611384,14.82543739,15.39488629,Millets,
27.01987665,27.23244477,14.33462982,Millets,
21.2747604,13.00557387,7.53939249,Millets,
24.15173161,5.067288419,14.23302583,Millets,
86.33199821,24.08984983,6.701159559,Coconut,
73.33327383,18.23413977,6.701159559,Coconut,
69.77967307,18.01607391,6.701159559,Coconut,
60.5088294,20.94377754,6.701159559,Coconut,
62.36436482,23.4715933,6.701159559,Coconut,
50.84834846,26.56335144,6.701159559,Coconut,
52.87450703,23.56083267,6.701159559,Coconut,
47.2854608,35.00517127,6.701159559,Coconut,
84.19608973,25.79888269,6.701159559,Coconut,
76.6021075,18.10002519,6.701159559,Coconut,
82.53826612,39.28893725,6.701159559,Coconut,
73.23491393,19.75252006,6.701159559,Coconut,
71.227124,24.33056132,6.701159559,Coconut,
71.227124,21.85185077,6.701159559,Coconut,
67.73056492,21.60943679,6.701159559,Coconut,
65.71237665,24.09932031,6.701159559,Coconut,
65.48938337,17.37680771,6.701159559,Coconut,
59.56429492,32.19990791,6.701159559,Coconut,
60.04024554,25.98460789,6.701159559,Coconut,
55.93793015,31.10780011,6.701159559,Coconut,
66.01586372,38.73352141,6.701159559,Coconut,
72.9406495,43.27351799,6.701159559,Coconut,
54.96420829,38.29371969,6.701159559,Coconut,
54.47943403,27.38459041,6.701159559,Coconut,
62.51256116,28.31472291,6.701159559,Coconut,
80.3319776,29.43894688,6.701159559,Coconut,
73.8184173,23.75003549,6.701159559,Coconut,
70.71880287,21.12056653,6.701159559,Coconut,
68.5453868,19.28961547,6.701159559,Coconut,
67.14905698,19.48128366,6.701159559,Coconut,
67.28823105,17.906698,6.701159559,Coconut,
64.61916191,21.82524585,6.701159559,Coconut,
53.36006934,23.10398175,6.701159559,Coconut,
61.91982128,25.26804617,6.701159559,Coconut,
64.47238942,22.74409367,6.701159559,Coconut,
70.74578348,31.79267592,6.701159559,Coconut,
78.79941972,42.430097,6.701159559,Coconut,
78.06565422,18.63343834,6.701159559,Coconut,
80.24879224,17.02412871,6.701159559,Coconut,
32.49009973,20.60931593,6.21383671,Oil Palm,
24.29432893,15.00731817,6.663528451,Oil Palm,
25.42371886,17.00112555,6.443386469,Oil Palm,
27.66586218,22.54911929,6.162093937,Oil Palm,
28.35258501,21.58616563,6.071779278,Oil Palm,
24.86152526,26.74159049,10.33256148,Oil Palm,
21.01361816,19.48385123,7.130154191,Oil Palm,
19.98435385,23.82283493,7.123568747,Oil Palm,
20.71402852,24.12691472,14.44658237,Oil Palm,
24.82890491,22.05124265,6.843216992,Oil Palm,
24.86545628,33.99616752,6.699278004,Oil Palm,
25.35815293,44.53928683,6.613667233,Oil Palm,
17.21956483,29.0539513,22.92581178,Oil Palm,
22.93488354,35.45953777,7.460367163,Oil Palm,
18.10451454,38.63431696,7.616536262,Oil Palm,
23.26030247,24.44541085,7.109457081,Oil Palm,
5.547181026,16.23195301,9.864054188,Oil Palm,
4.788964009,22.56616483,16.79570428,Oil Palm,
5.090446412,22.90450628,17.1240357,Oil Palm,
10.2216765,24.9137438,9.054044588,Oil Palm,
11.12144299,23.21626636,8.794389942,Oil Palm,
13.74172715,32.34816864,15.34126196,Oil Palm,
11.55070006,17.25567439,2.043369165,Oil Palm,
12.95193512,24.28456869,8.670207286,Oil Palm,
12.01354339,44.11388436,16.34224943,Oil Palm,
15.51311059,27.47612224,15.04868009,Oil Palm,
15.51311059,30.05700624,15.23683563,Oil Palm,
8.412597373,18.832268,9.668372426,Oil Palm,
19.53166821,19.74768621,6.677640117,Oil Palm,
22.5623476,17.27280577,13.70524954,Oil Palm,
20.56990521,20.3416472,13.27719568,Oil Palm,
22.26335254,19.66441251,6.135752161,Oil Palm,
21.99469931,22.54286014,6.016273393,Oil Palm,
28.07987967,32.02607074,13.00625171,Oil Palm,
23.66967227,22.69645257,5.740625527,Oil Palm,
24.53207269,38.2964112,5.484733993,Oil Palm,
24.77348318,18.63666135,12.141677,Oil Palm,
24.82663639,25.63467713,5.545884543,Oil Palm,
25.50089872,30.87468287,5.459332995,Oil Palm,
24.77524257,42.40038476,5.595745761,Oil Palm,
31.25222311,44.66552102,12.92816716,Oil Palm,
18.21515235,38.3844643,6.514885575,Oil Palm,
22.26501121,34.29333557,13.09750714,Oil Palm,
23.92295776,12.63254021,5.678534199,Oil Palm,
